-- phpMyAdmin SQL Dump
-- version 5.2.1
-- https://www.phpmyadmin.net/
--
-- Host: 127.0.0.1:3306
-- Generation Time: Jun 16, 2025 at 04:35 PM
-- Server version: 9.1.0
-- PHP Version: 8.0.30

SET SQL_MODE = "NO_AUTO_VALUE_ON_ZERO";
START TRANSACTION;
SET time_zone = "+00:00";


/*!40101 SET @OLD_CHARACTER_SET_CLIENT=@@CHARACTER_SET_CLIENT */;
/*!40101 SET @OLD_CHARACTER_SET_RESULTS=@@CHARACTER_SET_RESULTS */;
/*!40101 SET @OLD_COLLATION_CONNECTION=@@COLLATION_CONNECTION */;
/*!40101 SET NAMES utf8mb4 */;

--
-- Database: `lbc`
--

-- --------------------------------------------------------

--
-- Table structure for table `languages`
--

DROP TABLE IF EXISTS `languages`;
CREATE TABLE IF NOT EXISTS `languages` (
  `id` int NOT NULL AUTO_INCREMENT,
  `language_name` varchar(50) NOT NULL,
  `created_at` timestamp NULL DEFAULT CURRENT_TIMESTAMP,
  PRIMARY KEY (`id`)
) ENGINE=InnoDB AUTO_INCREMENT=4 DEFAULT CHARSET=utf8mb4 COLLATE=utf8mb4_0900_ai_ci;

--
-- Dumping data for table `languages`
--

INSERT INTO `languages` (`id`, `language_name`, `created_at`) VALUES
(1, 'English', '2024-12-15 13:04:34'),
(2, 'Telugu', '2024-12-15 13:04:34'),
(3, 'Hindi', '2024-12-15 13:04:34');

-- --------------------------------------------------------

--
-- Table structure for table `offerings`
--

DROP TABLE IF EXISTS `offerings`;
CREATE TABLE IF NOT EXISTS `offerings` (
  `id` int NOT NULL AUTO_INCREMENT,
  `service_id` int NOT NULL,
  `service_date` date DEFAULT NULL,
  `user_id` int NOT NULL,
  `serial_no` int NOT NULL DEFAULT '0',
  `check_no` int DEFAULT NULL,
  `check_amount` int DEFAULT NULL,
  `denomination_2000` int NOT NULL DEFAULT '0',
  `denomination_500` int DEFAULT '0',
  `denomination_200` int DEFAULT '0',
  `denomination_100` int DEFAULT '0',
  `denomination_50` int DEFAULT '0',
  `denomination_20_notes` int DEFAULT '0',
  `denomination_20_coins` int DEFAULT '0',
  `denomination_10_notes` int DEFAULT '0',
  `denomination_10_coins` int DEFAULT '0',
  `denomination_5_notes` int DEFAULT '0',
  `denomination_5_coins` int DEFAULT '0',
  `denomination_2_notes` int DEFAULT '0',
  `denomination_2_coins` int DEFAULT '0',
  `denomination_1_notes` int DEFAULT '0',
  `denomination_1_coins` int DEFAULT '0',
  `total_amount` int GENERATED ALWAYS AS ((((((((((((((((`denomination_2000` * 2000) + (`denomination_500` * 500)) + (`denomination_200` * 200)) + (`denomination_100` * 100)) + (`denomination_50` * 50)) + (`denomination_20_notes` * 20)) + (`denomination_20_coins` * 20)) + (`denomination_10_notes` * 10)) + (`denomination_10_coins` * 10)) + (`denomination_5_notes` * 5)) + (`denomination_5_coins` * 5)) + (`denomination_2_notes` * 2)) + (`denomination_2_coins` * 2)) + (`denomination_1_notes` * 1)) + (`denomination_1_coins` * 1))) STORED,
  `created_at` timestamp NULL DEFAULT CURRENT_TIMESTAMP,
  PRIMARY KEY (`id`),
  KEY `service_id` (`service_id`),
  KEY `user_id` (`user_id`)
) ENGINE=InnoDB AUTO_INCREMENT=1155 DEFAULT CHARSET=utf8mb4 COLLATE=utf8mb4_0900_ai_ci;

--
-- Dumping data for table `offerings`
--

INSERT INTO `offerings` (`id`, `service_id`, `service_date`, `user_id`, `serial_no`, `check_no`, `check_amount`, `denomination_2000`, `denomination_500`, `denomination_200`, `denomination_100`, `denomination_50`, `denomination_20_notes`, `denomination_20_coins`, `denomination_10_notes`, `denomination_10_coins`, `denomination_5_notes`, `denomination_5_coins`, `denomination_2_notes`, `denomination_2_coins`, `denomination_1_notes`, `denomination_1_coins`, `created_at`) VALUES
(104, 21, '2024-12-31', 91, 1, NULL, NULL, 0, 19, 0, 0, 0, 0, 0, 0, 0, 0, 0, 0, 0, 0, 0, '2025-01-01 09:52:26'),
(105, 23, '2024-12-31', 93, 1, NULL, NULL, 0, 0, 15, 0, 0, 0, 0, 0, 0, 0, 0, 0, 0, 0, 0, '2025-01-01 09:54:07'),
(106, 23, '2024-12-31', 94, 2, NULL, NULL, 0, 2, 0, 0, 0, 0, 0, 0, 0, 0, 0, 0, 0, 0, 0, '2025-01-01 09:54:21'),
(107, 23, '2024-12-31', 95, 3, NULL, NULL, 0, 2, 0, 0, 0, 0, 0, 0, 0, 0, 0, 0, 0, 0, 0, '2025-01-01 09:54:36'),
(108, 23, '2024-12-31', 96, 4, NULL, NULL, 0, 2, 0, 0, 0, 0, 0, 0, 0, 0, 0, 0, 0, 0, 0, '2025-01-01 09:54:50'),
(109, 23, '2024-12-31', 97, 5, NULL, NULL, 0, 2, 0, 0, 0, 0, 0, 0, 0, 0, 0, 0, 0, 0, 0, '2025-01-01 09:55:23'),
(110, 23, '2024-12-31', 92, 6, NULL, NULL, 0, 0, 0, 6, 1, 1, 0, 0, 0, 0, 0, 0, 0, 0, 0, '2025-01-01 09:55:59'),
(111, 23, '2024-12-31', 98, 7, NULL, NULL, 0, 1, 0, 0, 0, 0, 0, 0, 0, 0, 0, 0, 0, 0, 0, '2025-01-01 09:56:25'),
(112, 23, '2024-12-31', 99, 8, NULL, NULL, 0, 1, 0, 0, 0, 0, 0, 0, 0, 0, 0, 0, 0, 0, 0, '2025-01-01 09:56:46'),
(113, 23, '2024-12-31', 100, 9, NULL, NULL, 0, 0, 0, 1, 0, 0, 0, 0, 0, 0, 0, 0, 0, 0, 0, '2025-01-01 09:56:57'),
(114, 24, '2024-12-31', 101, 1, NULL, NULL, 0, 47, 20, 169, 62, 150, 1, 82, 2, 0, 17, 0, 38, 0, 28, '2025-01-01 10:21:28'),
(115, 21, '2025-01-01', 102, 1, NULL, NULL, 0, 30, 0, 0, 0, 0, 0, 0, 0, 0, 0, 0, 0, 0, 0, '2025-01-01 10:37:59'),
(116, 21, '2025-01-01', 103, 2, NULL, NULL, 0, 20, 0, 0, 0, 0, 0, 0, 0, 0, 0, 0, 0, 0, 0, '2025-01-01 10:38:20'),
(117, 21, '2025-01-01', 104, 3, NULL, NULL, 0, 20, 0, 0, 0, 0, 0, 0, 0, 0, 0, 0, 0, 0, 0, '2025-01-01 10:38:36'),
(118, 21, '2025-01-01', 105, 4, NULL, NULL, 0, 10, 0, 0, 0, 0, 0, 0, 0, 0, 0, 0, 0, 0, 0, '2025-01-01 10:38:55'),
(119, 21, '2025-01-01', 106, 5, NULL, NULL, 0, 6, 0, 0, 0, 0, 0, 0, 0, 0, 0, 0, 0, 0, 0, '2025-01-01 10:39:09'),
(120, 21, '2025-01-01', 107, 6, NULL, NULL, 0, 2, 1, 0, 0, 0, 0, 0, 0, 0, 0, 0, 0, 0, 0, '2025-01-01 10:39:22'),
(121, 21, '2025-01-01', 108, 7, NULL, NULL, 0, 2, 0, 0, 0, 0, 0, 0, 0, 0, 0, 0, 0, 0, 0, '2025-01-01 10:39:37'),
(122, 21, '2025-01-01', 109, 8, NULL, NULL, 0, 2, 0, 0, 0, 0, 0, 0, 0, 0, 0, 0, 0, 0, 0, '2025-01-01 10:39:50'),
(123, 21, '2025-01-01', 110, 9, NULL, NULL, 0, 1, 0, 0, 0, 0, 0, 0, 0, 0, 0, 0, 0, 0, 0, '2025-01-01 10:40:00'),
(124, 21, '2025-01-01', 111, 10, NULL, NULL, 0, 1, 0, 0, 0, 0, 0, 0, 0, 0, 0, 0, 0, 0, 0, '2025-01-01 10:40:10'),
(125, 21, '2025-01-01', 112, 11, NULL, NULL, 0, 1, 0, 0, 0, 0, 0, 0, 0, 0, 0, 0, 0, 0, 0, '2025-01-01 10:40:27'),
(126, 21, '2025-01-01', 113, 12, NULL, NULL, 0, 1, 0, 0, 0, 0, 0, 0, 0, 0, 0, 0, 0, 0, 0, '2025-01-01 10:40:59'),
(127, 21, '2025-01-01', 114, 13, NULL, NULL, 0, 1, 0, 0, 0, 0, 0, 0, 0, 0, 0, 0, 0, 0, 0, '2025-01-01 10:41:04'),
(128, 21, '2025-01-01', 115, 14, NULL, NULL, 0, 1, 0, 0, 0, 0, 0, 0, 0, 0, 0, 0, 0, 0, 0, '2025-01-01 10:41:29'),
(129, 21, '2025-01-01', 117, 15, NULL, NULL, 0, 1, 0, 0, 0, 0, 0, 0, 0, 0, 0, 0, 0, 0, 0, '2025-01-01 10:41:46'),
(130, 21, '2025-01-01', 116, 16, NULL, NULL, 0, 0, 0, 2, 0, 0, 0, 0, 0, 0, 0, 0, 0, 0, 0, '2025-01-01 10:43:02'),
(131, 52, '2025-01-01', 101, 1, NULL, NULL, 0, 1, 0, 4, 1, 9, 0, 4, 0, 0, 0, 0, 0, 0, 0, '2025-01-01 10:46:12'),
(132, 23, '2025-01-01', 118, 1, NULL, NULL, 0, 10, 0, 0, 0, 0, 0, 0, 0, 0, 0, 0, 0, 0, 0, '2025-01-01 10:48:09'),
(133, 23, '2025-01-01', 119, 2, NULL, NULL, 0, 4, 0, 0, 0, 0, 0, 0, 0, 0, 0, 0, 0, 0, 0, '2025-01-01 10:48:24'),
(134, 23, '2025-01-01', 120, 3, NULL, NULL, 0, 4, 0, 0, 0, 0, 0, 0, 0, 0, 0, 0, 0, 0, 0, '2025-01-01 10:48:34'),
(135, 23, '2025-01-01', 121, 4, NULL, NULL, 0, 2, 0, 0, 0, 0, 0, 0, 0, 0, 0, 0, 0, 0, 0, '2025-01-01 10:48:44'),
(136, 23, '2025-01-01', 122, 5, NULL, NULL, 0, 2, 0, 0, 0, 0, 0, 0, 0, 0, 0, 0, 0, 0, 0, '2025-01-01 10:48:58'),
(137, 23, '2025-01-01', 123, 6, NULL, NULL, 0, 2, 0, 0, 0, 0, 0, 0, 0, 0, 0, 0, 0, 0, 0, '2025-01-01 10:49:08'),
(138, 23, '2025-01-01', 124, 7, NULL, NULL, 0, 2, 0, 0, 0, 0, 0, 0, 0, 0, 0, 0, 0, 0, 0, '2025-01-01 10:49:48'),
(139, 23, '2025-01-01', 125, 8, NULL, NULL, 0, 2, 0, 0, 0, 0, 0, 0, 0, 0, 0, 0, 0, 0, 0, '2025-01-01 10:49:59'),
(140, 23, '2025-01-01', 126, 9, NULL, NULL, 0, 2, 0, 0, 0, 0, 0, 0, 0, 0, 0, 0, 0, 0, 0, '2025-01-01 10:50:09'),
(141, 23, '2025-01-01', 127, 10, NULL, NULL, 0, 2, 0, 0, 0, 0, 0, 0, 0, 0, 0, 0, 0, 0, 0, '2025-01-01 10:50:20'),
(142, 23, '2025-01-01', 128, 11, NULL, NULL, 0, 2, 0, 0, 0, 0, 0, 0, 0, 0, 0, 0, 0, 0, 0, '2025-01-01 10:50:33'),
(143, 23, '2025-01-01', 129, 12, NULL, NULL, 0, 1, 0, 0, 0, 0, 0, 0, 0, 0, 0, 0, 0, 0, 0, '2025-01-01 10:51:02'),
(144, 23, '2025-01-01', 130, 13, NULL, NULL, 0, 1, 0, 0, 0, 0, 0, 0, 0, 0, 0, 0, 0, 0, 0, '2025-01-01 10:51:19'),
(145, 23, '2025-01-01', 131, 14, NULL, NULL, 0, 1, 0, 0, 0, 0, 0, 0, 0, 0, 0, 0, 0, 0, 0, '2025-01-01 10:51:39'),
(146, 23, '2025-01-01', 132, 15, NULL, NULL, 0, 1, 0, 0, 0, 0, 0, 0, 0, 0, 0, 0, 0, 0, 0, '2025-01-01 10:51:58'),
(147, 23, '2025-01-01', 133, 16, NULL, NULL, 0, 1, 0, 0, 0, 0, 0, 0, 0, 0, 0, 0, 0, 0, 0, '2025-01-01 10:52:08'),
(148, 23, '2025-01-01', 134, 17, NULL, NULL, 0, 1, 0, 0, 0, 0, 0, 0, 0, 0, 0, 0, 0, 0, 0, '2025-01-01 10:52:19'),
(149, 23, '2025-01-01', 135, 18, NULL, NULL, 0, 1, 0, 0, 0, 0, 0, 0, 0, 0, 0, 0, 0, 0, 0, '2025-01-01 10:52:46'),
(150, 23, '2025-01-01', 136, 19, NULL, NULL, 0, 0, 0, 5, 0, 0, 0, 0, 0, 0, 0, 0, 0, 0, 0, '2025-01-01 10:53:08'),
(151, 23, '2025-01-01', 100, 20, NULL, NULL, 0, 0, 2, 1, 0, 0, 0, 0, 0, 0, 0, 0, 0, 0, 0, '2025-01-01 10:53:34'),
(152, 23, '2025-01-01', 137, 21, NULL, NULL, 0, 1, 0, 0, 0, 0, 0, 0, 0, 0, 0, 0, 0, 0, 0, '2025-01-01 10:53:53'),
(153, 23, '2025-01-01', 138, 22, NULL, NULL, 0, 1, 0, 0, 0, 0, 0, 0, 0, 0, 0, 0, 0, 0, 0, '2025-01-01 10:54:21'),
(154, 23, '2025-01-01', 139, 23, NULL, NULL, 0, 1, 0, 0, 0, 0, 0, 0, 0, 0, 0, 0, 0, 0, 0, '2025-01-01 10:54:58'),
(155, 23, '2025-01-01', 140, 24, NULL, NULL, 0, 1, 0, 0, 0, 0, 0, 0, 0, 0, 0, 0, 0, 0, 0, '2025-01-01 10:55:11'),
(156, 23, '2025-01-01', 141, 25, NULL, NULL, 0, 0, 0, 5, 0, 0, 0, 0, 0, 0, 0, 0, 0, 0, 0, '2025-01-01 10:55:27'),
(157, 23, '2025-01-01', 142, 26, NULL, NULL, 0, 1, 0, 0, 0, 0, 0, 0, 0, 0, 0, 0, 0, 0, 0, '2025-01-01 10:55:39'),
(158, 24, '2025-01-01', 101, 1, NULL, NULL, 0, 42, 20, 162, 75, 123, 1, 75, 4, 0, 7, 0, 9, 0, 7, '2025-01-01 10:57:56'),
(161, 21, '2025-01-05', 146, 1, NULL, NULL, 0, 20, 0, 0, 0, 0, 0, 0, 0, 0, 0, 0, 0, 0, 0, '2025-01-05 09:17:35'),
(162, 21, '2025-01-05', 147, 2, NULL, NULL, 0, 20, 0, 0, 0, 0, 0, 0, 0, 0, 0, 0, 0, 0, 0, '2025-01-05 09:18:35'),
(163, 21, '2025-01-05', 148, 3, NULL, NULL, 0, 15, 5, 0, 0, 0, 0, 0, 0, 0, 0, 0, 0, 0, 0, '2025-01-05 09:20:36'),
(164, 21, '2025-01-05', 149, 4, NULL, NULL, 0, 16, 0, 0, 0, 0, 0, 0, 0, 0, 0, 0, 0, 0, 0, '2025-01-05 09:22:23'),
(165, 21, '2025-01-05', 150, 5, NULL, NULL, 0, 14, 0, 0, 0, 0, 0, 0, 0, 0, 0, 0, 0, 0, 0, '2025-01-05 09:23:21'),
(166, 21, '2025-01-05', 100, 6, NULL, NULL, 0, 14, 0, 0, 0, 0, 0, 0, 0, 0, 0, 0, 0, 0, 0, '2025-01-05 09:25:22'),
(167, 24, '2025-01-05', 101, 1, NULL, NULL, 0, 20, 17, 147, 68, 113, 0, 53, 7, 0, 6, 0, 10, 0, 8, '2025-01-05 09:26:40'),
(168, 21, '2025-01-05', 151, 7, NULL, NULL, 0, 10, 0, 0, 0, 0, 0, 0, 0, 0, 0, 0, 0, 0, 0, '2025-01-05 09:30:11'),
(169, 21, '2025-01-05', 152, 8, NULL, NULL, 0, 10, 0, 0, 0, 0, 0, 0, 0, 0, 0, 0, 0, 0, 0, '2025-01-05 09:31:34'),
(170, 21, '2025-01-05', 153, 9, NULL, NULL, 0, 10, 0, 0, 0, 0, 0, 0, 0, 0, 0, 0, 0, 0, 0, '2025-01-05 09:32:47'),
(171, 21, '2025-01-05', 154, 10, NULL, NULL, 0, 10, 0, 0, 0, 0, 0, 0, 0, 0, 0, 0, 0, 0, 0, '2025-01-05 09:33:50'),
(172, 21, '2025-01-05', 155, 11, NULL, NULL, 0, 9, 0, 0, 0, 0, 0, 0, 0, 0, 0, 0, 0, 0, 0, '2025-01-05 09:35:25'),
(173, 22, '2025-01-05', 101, 1, NULL, NULL, 0, 3, 4, 34, 31, 135, 1, 113, 6, 1, 18, 0, 30, 0, 11, '2025-01-05 09:37:08'),
(174, 21, '2025-01-05', 1, 12, NULL, NULL, 0, 8, 0, 0, 0, 0, 0, 0, 0, 0, 0, 0, 0, 0, 0, '2025-01-05 09:37:34'),
(175, 14, '2025-01-05', 101, 1, NULL, NULL, 0, 12, 1, 19, 7, 17, 0, 7, 0, 0, 0, 0, 0, 0, 0, '2025-01-05 09:39:54'),
(176, 53, '2025-01-05', 101, 1, NULL, NULL, 0, 0, 0, 4, 3, 7, 0, 2, 0, 0, 0, 0, 0, 0, 0, '2025-01-05 09:40:47'),
(177, 51, '2025-01-05', 101, 1, NULL, NULL, 0, 3, 1, 3, 0, 5, 0, 7, 0, 0, 0, 0, 0, 0, 0, '2025-01-05 09:42:59'),
(178, 52, '2025-01-05', 101, 1, NULL, NULL, 0, 0, 1, 9, 12, 32, 0, 16, 4, 0, 6, 0, 1, 0, 0, '2025-01-05 09:45:48'),
(179, 21, '2025-01-05', 156, 13, NULL, NULL, 0, 7, 0, 2, 0, 0, 0, 0, 0, 0, 0, 0, 0, 0, 0, '2025-01-05 09:46:41'),
(180, 21, '2025-01-05', 157, 14, NULL, NULL, 0, 7, 0, 1, 0, 0, 0, 0, 0, 0, 0, 0, 0, 0, 0, '2025-01-05 09:47:26'),
(181, 21, '2025-01-05', 158, 15, NULL, NULL, 0, 7, 0, 0, 0, 0, 0, 0, 0, 0, 0, 0, 0, 0, 0, '2025-01-05 09:48:18'),
(182, 21, '2025-01-05', 159, 16, NULL, NULL, 0, 6, 0, 0, 0, 0, 0, 0, 0, 0, 0, 0, 0, 0, 0, '2025-01-05 09:49:04'),
(183, 21, '2025-01-05', 160, 17, NULL, NULL, 0, 6, 0, 0, 0, 0, 0, 0, 0, 0, 0, 0, 0, 0, 0, '2025-01-05 09:50:24'),
(184, 21, '2025-01-05', 161, 18, NULL, NULL, 0, 6, 0, 0, 0, 0, 0, 0, 0, 0, 0, 0, 0, 0, 0, '2025-01-05 09:51:27'),
(185, 21, '2025-01-05', 127, 19, NULL, NULL, 0, 6, 0, 0, 0, 0, 0, 0, 0, 0, 0, 0, 0, 0, 0, '2025-01-05 09:53:06'),
(187, 21, '2025-01-05', 163, 21, NULL, NULL, 0, 6, 0, 0, 0, 0, 0, 0, 0, 0, 0, 0, 0, 0, 0, '2025-01-05 09:56:07'),
(188, 21, '2025-01-05', 164, 22, NULL, NULL, 0, 6, 0, 0, 0, 0, 0, 0, 0, 0, 0, 0, 0, 0, 0, '2025-01-05 09:57:21'),
(189, 21, '2025-01-05', 165, 23, NULL, NULL, 0, 6, 0, 0, 0, 0, 0, 0, 0, 0, 0, 0, 0, 0, 0, '2025-01-05 09:58:13'),
(190, 21, '2025-01-05', 166, 24, NULL, NULL, 0, 6, 0, 0, 0, 0, 0, 0, 0, 0, 0, 0, 0, 0, 0, '2025-01-05 09:59:25'),
(191, 21, '2025-01-05', 167, 25, NULL, NULL, 0, 5, 0, 0, 0, 0, 0, 0, 0, 0, 0, 0, 0, 0, 0, '2025-01-05 10:00:23'),
(192, 21, '2025-01-05', 168, 26, NULL, NULL, 0, 5, 0, 0, 0, 0, 0, 0, 0, 0, 0, 0, 0, 0, 0, '2025-01-05 10:01:44'),
(193, 21, '2025-01-05', 169, 27, NULL, NULL, 0, 5, 0, 0, 0, 0, 0, 0, 0, 0, 0, 0, 0, 0, 0, '2025-01-05 10:02:34'),
(194, 21, '2025-01-05', 170, 28, NULL, NULL, 0, 5, 0, 0, 0, 0, 0, 0, 0, 0, 0, 0, 0, 0, 0, '2025-01-05 10:03:12'),
(195, 21, '2025-01-05', 171, 29, NULL, NULL, 0, 4, 2, 0, 0, 0, 0, 0, 0, 0, 0, 0, 0, 0, 0, '2025-01-05 10:04:06'),
(196, 21, '2025-01-05', 172, 30, NULL, NULL, 0, 4, 0, 0, 0, 0, 0, 0, 0, 0, 0, 0, 0, 0, 0, '2025-01-05 10:04:53'),
(197, 21, '2025-01-05', 175, 31, NULL, NULL, 0, 3, 2, 1, 0, 0, 0, 0, 0, 0, 0, 0, 0, 0, 0, '2025-01-05 10:07:44'),
(198, 21, '2025-01-05', 173, 32, NULL, NULL, 0, 4, 0, 0, 0, 0, 0, 0, 0, 0, 0, 0, 0, 0, 0, '2025-01-05 10:08:51'),
(199, 21, '2025-01-05', 176, 33, NULL, NULL, 0, 4, 0, 0, 0, 0, 0, 0, 0, 0, 0, 0, 0, 0, 0, '2025-01-05 10:10:10'),
(200, 21, '2025-01-05', 177, 34, NULL, NULL, 0, 4, 0, 0, 0, 0, 0, 0, 0, 0, 0, 0, 0, 0, 0, '2025-01-05 10:11:00'),
(202, 21, '2025-01-05', 179, 36, NULL, NULL, 0, 2, 0, 0, 0, 0, 0, 0, 0, 0, 0, 0, 0, 0, 0, '2025-01-05 10:11:48'),
(203, 21, '2025-01-05', 180, 37, NULL, NULL, 0, 2, 0, 0, 0, 0, 0, 0, 0, 0, 0, 0, 0, 0, 0, '2025-01-05 10:12:22'),
(204, 21, '2025-01-05', 181, 38, NULL, NULL, 0, 2, 0, 0, 0, 0, 0, 0, 0, 0, 0, 0, 0, 0, 0, '2025-01-05 10:13:02'),
(205, 21, '2025-01-05', 182, 39, NULL, NULL, 0, 2, 0, 0, 0, 0, 0, 0, 0, 0, 0, 0, 0, 0, 0, '2025-01-05 10:13:21'),
(206, 21, '2025-01-05', 183, 40, NULL, NULL, 0, 2, 0, 0, 0, 0, 0, 0, 0, 0, 0, 0, 0, 0, 0, '2025-01-05 10:14:02'),
(207, 21, '2025-01-05', 184, 41, NULL, NULL, 0, 2, 0, 0, 0, 0, 0, 0, 0, 0, 0, 0, 0, 0, 0, '2025-01-05 10:14:35'),
(208, 21, '2025-01-05', 185, 42, NULL, NULL, 0, 2, 0, 0, 0, 0, 0, 0, 0, 0, 0, 0, 0, 0, 0, '2025-01-05 10:15:04'),
(209, 21, '2025-01-05', 186, 43, NULL, NULL, 0, 2, 0, 0, 0, 0, 0, 0, 0, 0, 0, 0, 0, 0, 0, '2025-01-05 10:15:26'),
(210, 21, '2025-01-05', 187, 44, NULL, NULL, 0, 2, 0, 0, 0, 0, 0, 0, 0, 0, 0, 0, 0, 0, 0, '2025-01-05 10:15:49'),
(211, 21, '2025-01-05', 188, 45, NULL, NULL, 0, 2, 0, 0, 0, 0, 0, 0, 0, 0, 0, 0, 0, 0, 0, '2025-01-05 10:16:26'),
(212, 21, '2025-01-05', 189, 46, NULL, NULL, 0, 2, 0, 0, 0, 0, 0, 0, 0, 0, 0, 0, 0, 0, 0, '2025-01-05 10:16:59'),
(213, 21, '2025-01-05', 190, 47, NULL, NULL, 0, 2, 0, 0, 0, 0, 0, 0, 0, 0, 0, 0, 0, 0, 0, '2025-01-05 10:17:36'),
(214, 21, '2025-01-05', 191, 48, NULL, NULL, 0, 2, 0, 0, 0, 0, 0, 0, 0, 0, 0, 0, 0, 0, 0, '2025-01-05 10:18:15'),
(215, 21, '2025-01-05', 192, 49, NULL, NULL, 0, 2, 0, 0, 0, 0, 0, 0, 0, 0, 0, 0, 0, 0, 0, '2025-01-05 10:18:51'),
(216, 21, '2025-01-05', 193, 50, NULL, NULL, 0, 2, 0, 0, 0, 0, 0, 0, 0, 0, 0, 0, 0, 0, 0, '2025-01-05 10:19:12'),
(217, 21, '2025-01-05', 194, 51, NULL, NULL, 0, 2, 0, 0, 0, 0, 0, 0, 0, 0, 0, 0, 0, 0, 0, '2025-01-05 10:19:34'),
(218, 21, '2025-01-05', 195, 52, NULL, NULL, 0, 1, 1, 1, 0, 0, 0, 0, 0, 0, 0, 0, 0, 0, 0, '2025-01-05 10:20:01'),
(219, 21, '2025-01-05', 196, 53, NULL, NULL, 0, 1, 0, 0, 0, 0, 0, 0, 0, 0, 0, 0, 0, 0, 0, '2025-01-05 10:20:26'),
(220, 21, '2025-01-05', 197, 54, NULL, NULL, 0, 1, 0, 0, 0, 0, 0, 0, 0, 0, 0, 0, 0, 0, 0, '2025-01-05 10:20:55'),
(221, 21, '2025-01-05', 198, 55, NULL, NULL, 0, 1, 0, 0, 0, 0, 0, 0, 0, 0, 0, 0, 0, 0, 0, '2025-01-05 10:21:25'),
(222, 21, '2025-01-05', 199, 56, NULL, NULL, 0, 1, 0, 0, 0, 0, 0, 0, 0, 0, 0, 0, 0, 0, 0, '2025-01-05 10:22:29'),
(223, 21, '2025-01-05', 200, 57, NULL, NULL, 0, 1, 0, 0, 0, 0, 0, 0, 0, 0, 0, 0, 0, 0, 0, '2025-01-05 10:22:50'),
(224, 21, '2025-01-05', 201, 58, NULL, NULL, 0, 1, 0, 0, 0, 0, 0, 0, 0, 0, 0, 0, 0, 0, 0, '2025-01-05 10:23:36'),
(225, 21, '2025-01-05', 202, 59, NULL, NULL, 0, 1, 0, 0, 0, 0, 0, 0, 0, 0, 0, 0, 0, 0, 0, '2025-01-05 10:24:10'),
(226, 21, '2025-01-05', 203, 60, NULL, NULL, 0, 1, 0, 0, 0, 0, 0, 0, 0, 0, 0, 0, 0, 0, 0, '2025-01-05 10:24:31'),
(227, 21, '2025-01-05', 204, 61, NULL, NULL, 0, 1, 0, 0, 0, 0, 0, 0, 0, 0, 0, 0, 0, 0, 0, '2025-01-05 10:25:28'),
(228, 21, '2025-01-05', 276, 62, NULL, NULL, 0, 0, 0, 3, 0, 0, 0, 0, 0, 0, 0, 0, 1, 0, 0, '2025-01-05 10:26:28'),
(229, 21, '2025-01-05', 206, 63, NULL, NULL, 0, 0, 0, 3, 0, 0, 0, 0, 0, 0, 0, 0, 0, 0, 0, '2025-01-05 10:27:24'),
(230, 21, '2025-01-05', 207, 64, NULL, NULL, 0, 0, 1, 0, 0, 0, 0, 0, 0, 0, 0, 0, 0, 0, 0, '2025-01-05 10:27:51'),
(231, 13, '2025-01-05', 100, 1, NULL, NULL, 0, 2, 0, 0, 0, 0, 0, 0, 0, 0, 0, 0, 0, 0, 0, '2025-01-05 10:31:45'),
(232, 13, '2025-01-05', 208, 2, NULL, NULL, 0, 4, 0, 0, 0, 0, 0, 0, 0, 0, 0, 0, 0, 0, 0, '2025-01-05 10:32:01'),
(233, 11, '2025-01-05', 101, 1, NULL, NULL, 0, 110, 0, 2, 0, 0, 0, 0, 0, 0, 0, 0, 0, 0, 0, '2025-01-05 10:33:24'),
(234, 23, '2025-01-05', 101, 1, NULL, NULL, 0, 55, 2, 2, 1, 1, 0, 0, 0, 0, 0, 0, 0, 0, 0, '2025-01-05 11:05:33'),
(237, 14, '2025-01-19', 101, 1, 0, 0, 0, 3, 5, 41, 7, 25, 0, 8, 1, 0, 0, 0, 0, 0, 0, '2025-01-19 08:06:54'),
(238, 11, '2025-01-19', 100, 1, 0, 0, 0, 11, 0, 0, 0, 0, 0, 0, 0, 0, 0, 0, 0, 0, 0, '2025-01-19 08:07:42'),
(239, 11, '2025-01-19', 209, 2, 0, 0, 0, 5, 2, 1, 0, 0, 0, 0, 0, 0, 0, 0, 0, 0, 0, '2025-01-19 08:08:17'),
(240, 13, '2025-01-19', 100, 1, 0, 0, 0, 1, 0, 0, 0, 0, 0, 0, 0, 0, 0, 0, 0, 0, 0, '2025-01-19 08:09:02'),
(241, 23, '2025-01-19', 210, 1, 0, 0, 0, 38, 7, 2, 0, 5, 0, 0, 0, 0, 0, 0, 0, 0, 0, '2025-01-19 08:13:18'),
(242, 21, '2025-01-19', 210, 1, 0, 0, 0, 145, 0, 5, 0, 0, 0, 0, 0, 0, 0, 0, 0, 0, 0, '2025-01-19 08:24:01'),
(243, 52, '2025-01-19', 101, 1, 0, 0, 0, 0, 0, 12, 6, 24, 0, 18, 3, 0, 2, 0, 0, 0, 0, '2025-01-19 08:28:33'),
(244, 53, '2025-01-19', 101, 1, 0, 0, 0, 0, 0, 4, 3, 6, 0, 0, 2, 0, 0, 0, 0, 0, 0, '2025-01-19 08:34:42'),
(245, 51, '2025-01-19', 101, 1, 0, 0, 0, 0, 1, 1, 1, 8, 0, 6, 0, 0, 0, 0, 0, 0, 0, '2025-01-19 08:37:14'),
(246, 22, '2025-01-19', 101, 1, 0, 0, 0, 2, 4, 32, 22, 116, 1, 75, 13, 0, 9, 0, 11, 0, 6, '2025-01-19 08:52:53'),
(247, 24, '2025-01-19', 101, 1, 0, 0, 0, 10, 11, 109, 51, 124, 0, 53, 8, 0, 8, 0, 16, 0, 6, '2025-01-19 08:57:15'),
(248, 50, '2025-01-19', 101, 1, 0, 0, 0, 2, 0, 1, 4, 2, 0, 5, 0, 0, 2, 0, 0, 0, 1, '2025-01-19 09:03:12'),
(249, 53, '2025-01-26', 101, 1, 0, 0, 0, 0, 0, 1, 0, 5, 0, 2, 1, 0, 1, 0, 0, 0, 0, '2025-01-26 07:50:43'),
(250, 52, '2025-01-26', 101, 1, 0, 0, 0, 0, 0, 8, 5, 26, 0, 9, 2, 0, 0, 0, 0, 0, 0, '2025-01-26 07:55:04'),
(251, 51, '2025-01-26', 101, 1, 0, 0, 0, 0, 0, 1, 1, 6, 0, 2, 0, 0, 1, 0, 0, 0, 0, '2025-01-26 08:00:35'),
(252, 23, '2025-01-26', 210, 1, 22692, 5000, 0, 17, 10, 1, 0, 0, 0, 0, 0, 0, 0, 0, 0, 0, 0, '2025-01-26 08:14:33'),
(253, 21, '2025-01-26', 210, 1, 477318, 3500, 0, 75, 5, 9, 1, 0, 0, 0, 0, 0, 0, 0, 0, 0, 0, '2025-01-26 08:27:13'),
(254, 22, '2025-01-26', 101, 1, 0, 0, 0, 0, 3, 18, 17, 117, 0, 103, 8, 0, 17, 0, 14, 0, 14, '2025-01-26 08:28:57'),
(255, 24, '2025-01-26', 101, 1, 0, 0, 0, 18, 6, 146, 75, 149, 0, 47, 5, 0, 11, 0, 15, 0, 16, '2025-01-26 08:33:17'),
(256, 21, '2025-02-02', 210, 1, 0, 35000, 0, 316, 14, 7, 0, 0, 0, 1, 0, 0, 1, 0, 0, 0, 1, '2025-02-02 08:52:53'),
(257, 22, '2025-02-02', 101, 1, 0, 0, 0, 0, 3, 31, 20, 101, 0, 74, 4, 0, 17, 0, 23, 0, 12, '2025-02-02 08:55:00'),
(258, 52, '2025-02-02', 101, 1, 0, 0, 0, 0, 0, 11, 12, 27, 0, 16, 2, 0, 0, 0, 0, 0, 0, '2025-02-02 08:58:18'),
(259, 51, '2025-02-02', 101, 1, 0, 0, 0, 0, 4, 0, 0, 0, 0, 0, 0, 0, 0, 0, 0, 0, 0, '2025-02-02 09:00:09'),
(260, 53, '2025-02-02', 101, 1, 0, 0, 0, 0, 0, 2, 0, 9, 0, 1, 0, 0, 0, 0, 0, 0, 0, '2025-02-02 09:00:58'),
(261, 11, '2025-02-02', 210, 1, 0, 0, 0, 167, 0, 5, 0, 0, 0, 0, 0, 0, 0, 0, 1, 0, 0, '2025-02-02 09:06:43'),
(262, 13, '2025-02-02', 210, 1, 0, 0, 0, 13, 2, 1, 0, 0, 0, 0, 0, 0, 0, 0, 1, 0, 0, '2025-02-02 09:07:24'),
(263, 14, '2025-02-02', 101, 1, 0, 0, 0, 2, 2, 24, 12, 17, 0, 13, 0, 0, 0, 0, 0, 0, 0, '2025-02-02 09:07:53'),
(264, 24, '2025-02-02', 101, 1, 0, 0, 0, 9, 16, 104, 52, 112, 0, 46, 2, 0, 10, 0, 13, 0, 6, '2025-02-02 09:10:11'),
(265, 56, '2025-02-02', 101, 1, 0, 0, 0, 52, 15, 70, 17, 37, 0, 28, 3, 0, 3, 0, 7, 0, 5, '2025-02-02 09:11:19'),
(266, 50, '2025-02-02', 101, 1, 0, 0, 0, 3, 2, 0, 7, 21, 0, 0, 0, 0, 8, 0, 0, 0, 0, '2025-02-02 09:25:47'),
(267, 23, '2025-02-02', 101, 1, 0, 0, 0, 65, 2, 2, 0, 0, 0, 1, 0, 0, 0, 0, 0, 0, 0, '2025-02-02 09:28:56'),
(268, 57, '2025-02-02', 101, 1, 0, 0, 0, 20, 0, 0, 0, 0, 0, 0, 0, 0, 0, 0, 0, 0, 0, '2025-02-02 09:30:24'),
(269, 52, '2025-02-09', 101, 1, 0, 0, 0, 1, 0, 11, 7, 33, 0, 19, 3, 0, 0, 0, 1, 0, 1, '2025-02-09 12:50:38'),
(270, 53, '2025-02-09', 101, 1, 0, 0, 0, 1, 0, 2, 3, 10, 0, 2, 0, 0, 0, 0, 0, 0, 0, '2025-02-09 12:52:54'),
(272, 13, '2025-02-09', 210, 1, 0, 0, 0, 1, 0, 0, 0, 0, 0, 0, 0, 0, 0, 0, 0, 0, 0, '2025-02-09 12:56:33'),
(273, 11, '2025-02-09', 210, 1, 0, 0, 0, 47, 0, 0, 0, 0, 0, 0, 0, 0, 0, 0, 0, 0, 0, '2025-02-09 12:56:57'),
(274, 22, '2025-02-09', 101, 1, 0, 0, 0, 3, 0, 32, 23, 49, 0, 39, 8, 0, 15, 0, 31, 0, 28, '2025-02-09 13:01:28'),
(275, 24, '2025-02-09', 101, 1, 0, 0, 0, 15, 11, 96, 59, 112, 0, 40, 3, 0, 12, 0, 13, 0, 3, '2025-02-09 13:09:42'),
(276, 23, '2025-02-09', 210, 1, 0, 0, 0, 79, 4, 8, 0, 0, 0, 0, 0, 0, 0, 0, 0, 0, 0, '2025-02-09 13:11:02'),
(277, 50, '2025-02-09', 101, 1, 0, 0, 0, 1, 0, 7, 1, 5, 0, 2, 4, 0, 0, 0, 0, 0, 0, '2025-02-09 13:20:22'),
(278, 31, '2025-02-09', 210, 1, 0, 0, 0, 8, 0, 10, 0, 0, 0, 0, 0, 0, 0, 0, 0, 0, 0, '2025-02-09 13:26:12'),
(279, 34, '2025-02-09', 101, 1, 0, 0, 0, 1, 0, 6, 2, 2, 0, 0, 1, 0, 0, 0, 0, 0, 0, '2025-02-09 13:27:30'),
(280, 21, '2025-02-09', 101, 1, 477320, 3500, 0, 360, 11, 12, 0, 1, 0, 0, 0, 0, 0, 0, 0, 0, 0, '2025-02-09 13:32:59'),
(281, 53, '2025-02-16', 101, 1, 0, 0, 0, 0, 0, 0, 3, 5, 0, 1, 0, 0, 0, 0, 0, 0, 0, '2025-02-16 08:05:58'),
(282, 51, '2025-02-16', 101, 1, 0, 0, 0, 0, 5, 0, 0, 0, 0, 0, 0, 0, 0, 0, 0, 0, 0, '2025-02-16 08:06:46'),
(283, 52, '2025-02-16', 101, 1, 0, 0, 0, 1, 1, 11, 5, 21, 0, 19, 4, 0, 4, 0, 2, 0, 0, '2025-02-16 08:09:26'),
(284, 23, '2025-02-16', 212, 1, 22694, 10000, 0, 0, 0, 0, 0, 0, 0, 0, 0, 0, 0, 0, 0, 0, 0, '2025-02-16 08:22:38'),
(285, 23, '2025-02-16', 213, 2, 0, 0, 0, 4, 0, 0, 0, 0, 0, 0, 0, 0, 0, 0, 0, 0, 0, '2025-02-16 08:23:07'),
(286, 23, '2025-02-16', 214, 3, 0, 0, 0, 2, 0, 0, 0, 0, 0, 0, 0, 0, 0, 0, 0, 0, 0, '2025-02-16 08:23:27'),
(287, 23, '2025-02-16', 105, 4, 0, 0, 0, 1, 0, 0, 0, 0, 0, 0, 0, 0, 0, 0, 0, 0, 0, '2025-02-16 08:23:55'),
(288, 23, '2025-02-16', 131, 5, 0, 0, 0, 1, 0, 0, 0, 0, 0, 0, 0, 0, 0, 0, 0, 0, 0, '2025-02-16 08:24:12'),
(289, 21, '2025-02-16', 216, 1, 712997, 14000, 0, 0, 0, 0, 0, 0, 0, 0, 0, 0, 0, 0, 0, 0, 0, '2025-02-16 08:30:34'),
(290, 21, '2025-02-16', 216, 2, 712999, 14000, 0, 0, 0, 0, 0, 0, 0, 0, 0, 0, 0, 0, 0, 0, 0, '2025-02-16 08:30:45'),
(291, 21, '2025-02-16', 216, 3, 712998, 14000, 0, 0, 0, 0, 0, 0, 0, 0, 0, 0, 0, 0, 0, 0, 0, '2025-02-16 08:31:26'),
(292, 21, '2025-02-16', 217, 4, 0, 0, 0, 20, 0, 0, 0, 0, 0, 0, 0, 0, 0, 0, 0, 0, 0, '2025-02-16 08:32:13'),
(293, 21, '2025-02-16', 149, 5, 0, 0, 0, 16, 0, 0, 0, 0, 0, 0, 0, 0, 0, 0, 0, 0, 0, '2025-02-16 08:32:44'),
(294, 21, '2025-02-16', 219, 6, 0, 0, 0, 8, 0, 0, 0, 0, 0, 0, 0, 0, 0, 0, 0, 0, 0, '2025-02-16 08:32:58'),
(295, 21, '2025-02-16', 220, 7, 0, 0, 0, 7, 0, 0, 0, 0, 0, 0, 0, 0, 0, 0, 0, 0, 0, '2025-02-16 08:33:28'),
(296, 21, '2025-02-16', 166, 8, 0, 0, 0, 6, 0, 0, 0, 0, 0, 0, 0, 0, 0, 0, 0, 0, 0, '2025-02-16 08:33:44'),
(297, 21, '2025-02-16', 222, 9, 0, 0, 0, 6, 0, 0, 0, 0, 0, 0, 0, 0, 0, 0, 0, 0, 0, '2025-02-16 08:34:02'),
(299, 21, '2025-02-16', 224, 11, 0, 0, 0, 4, 0, 0, 0, 0, 0, 0, 0, 0, 0, 0, 0, 0, 0, '2025-02-16 08:35:00'),
(300, 21, '2025-02-16', 203, 12, 0, 0, 0, 3, 0, 0, 0, 0, 0, 0, 0, 0, 0, 0, 0, 0, 0, '2025-02-16 08:35:20'),
(301, 13, '2025-02-16', 101, 1, 0, 0, 0, 10, 0, 0, 0, 0, 0, 0, 0, 0, 0, 0, 0, 0, 0, '2025-02-16 08:35:53'),
(302, 13, '2025-02-16', 100, 2, 0, 0, 0, 0, 0, 1, 0, 0, 0, 0, 0, 0, 0, 0, 0, 0, 0, '2025-02-16 08:36:05'),
(303, 11, '2025-02-16', 101, 1, 0, 0, 0, 17, 0, 0, 0, 0, 0, 0, 0, 0, 0, 0, 0, 0, 0, '2025-02-16 08:36:28'),
(304, 14, '2025-02-16', 101, 1, 0, 0, 0, 16, 3, 35, 13, 26, 0, 12, 3, 0, 0, 0, 0, 0, 1, '2025-02-16 08:36:42'),
(305, 21, '2025-02-16', 226, 13, 0, 0, 0, 3, 0, 0, 0, 0, 0, 0, 0, 0, 0, 0, 0, 0, 0, '2025-02-16 08:39:31'),
(306, 21, '2025-02-16', 227, 14, 0, 0, 0, 2, 0, 0, 0, 0, 0, 0, 0, 0, 0, 0, 0, 0, 0, '2025-02-16 08:40:35'),
(307, 21, '2025-02-16', 228, 15, 0, 0, 0, 2, 0, 0, 0, 0, 0, 0, 0, 0, 0, 0, 0, 0, 0, '2025-02-16 08:40:54'),
(308, 21, '2025-02-16', 229, 16, 0, 0, 0, 2, 0, 0, 0, 0, 0, 0, 0, 0, 0, 0, 0, 0, 0, '2025-02-16 08:41:09'),
(309, 21, '2025-02-16', 230, 17, 0, 0, 0, 2, 0, 0, 0, 0, 0, 0, 0, 0, 0, 0, 0, 0, 0, '2025-02-16 08:41:28'),
(310, 21, '2025-02-16', 231, 18, 0, 0, 0, 2, 0, 0, 0, 0, 0, 0, 0, 0, 0, 0, 0, 0, 0, '2025-02-16 08:41:41'),
(311, 21, '2025-02-16', 232, 19, 0, 0, 0, 1, 0, 0, 0, 0, 0, 0, 0, 0, 0, 0, 0, 0, 0, '2025-02-16 08:41:57'),
(312, 21, '2025-02-16', 233, 20, 0, 0, 0, 1, 0, 0, 0, 0, 0, 0, 0, 0, 0, 0, 0, 0, 0, '2025-02-16 08:42:12'),
(313, 21, '2025-02-16', 195, 21, 0, 0, 0, 1, 0, 0, 0, 0, 0, 0, 0, 0, 0, 0, 0, 0, 0, '2025-02-16 08:42:24'),
(314, 21, '2025-02-16', 234, 22, 0, 0, 0, 1, 0, 0, 0, 0, 0, 0, 0, 0, 0, 0, 0, 0, 0, '2025-02-16 08:42:44'),
(315, 21, '2025-02-16', 235, 23, 0, 0, 0, 0, 0, 1, 0, 0, 0, 0, 0, 0, 0, 0, 0, 0, 0, '2025-02-16 08:43:05'),
(316, 24, '2025-02-16', 101, 1, 0, 0, 0, 9, 10, 113, 65, 111, 1, 45, 5, 0, 6, 0, 9, 0, 3, '2025-02-16 08:53:07'),
(317, 22, '2025-02-16', 101, 1, 0, 0, 0, 2, 1, 25, 20, 87, 0, 77, 3, 0, 10, 0, 23, 0, 8, '2025-02-16 08:58:55'),
(318, 58, '2025-02-16', 237, 1, 0, 0, 0, 2, 0, 0, 0, 0, 0, 0, 0, 0, 0, 0, 0, 0, 0, '2025-02-16 09:07:58'),
(319, 58, '2025-02-16', 236, 2, 206, 100000, 0, 0, 0, 0, 0, 0, 0, 0, 0, 0, 0, 0, 0, 0, 0, '2025-02-16 09:08:47'),
(320, 50, '2025-02-16', 101, 1, 0, 0, 0, 1, 0, 0, 4, 19, 0, 13, 1, 0, 0, 0, 1, 0, 1, '2025-02-16 09:16:57'),
(321, 11, '2025-02-18', 101, 1, 0, 0, 0, 0, 0, 0, 0, 0, 0, 0, 0, 0, 0, 0, 0, 1, 0, '2025-02-18 13:02:21'),
(322, 11, '2025-03-02', 210, 1, 0, 0, 0, 170, 1, 27, 0, 0, 0, 0, 0, 0, 0, 0, 1, 0, 0, '2025-03-02 10:41:58'),
(323, 13, '2025-03-02', 210, 1, 0, 0, 0, 11, 7, 0, 0, 0, 0, 0, 0, 0, 0, 0, 0, 0, 0, '2025-03-02 10:42:15'),
(324, 24, '2025-03-02', 101, 1, 0, 0, 0, 17, 7, 99, 70, 113, 1, 51, 2, 0, 8, 0, 9, 0, 8, '2025-03-02 10:43:13'),
(325, 22, '2025-03-02', 101, 1, 0, 0, 0, 5, 2, 20, 26, 78, 2, 91, 8, 0, 19, 0, 14, 0, 7, '2025-03-02 10:44:01'),
(326, 14, '2025-03-02', 101, 1, 0, 0, 0, 8, 2, 39, 20, 15, 0, 20, 0, 0, 3, 0, 3, 0, 1, '2025-03-02 10:44:55'),
(327, 53, '2025-03-02', 101, 1, 0, 0, 0, 0, 0, 3, 1, 10, 0, 1, 0, 0, 0, 0, 0, 0, 0, '2025-03-02 10:45:29'),
(328, 52, '2025-03-02', 101, 1, 0, 0, 0, 0, 2, 6, 6, 24, 0, 29, 2, 0, 0, 0, 8, 0, 4, '2025-03-02 10:47:46'),
(329, 50, '2025-03-02', 101, 1, 0, 0, 0, 1, 1, 8, 0, 0, 0, 11, 1, 0, 1, 0, 0, 0, 0, '2025-03-02 10:49:20'),
(330, 58, '2025-03-02', 101, 1, 0, 0, 0, 60, 0, 0, 0, 0, 0, 0, 0, 0, 0, 0, 0, 0, 0, '2025-03-02 10:49:35'),
(331, 23, '2025-03-02', 101, 1, 0, 0, 0, 55, 0, 2, 0, 0, 0, 0, 0, 0, 0, 0, 0, 0, 0, '2025-03-02 10:50:02'),
(332, 21, '2025-03-02', 101, 1, 0, 24500, 0, 444, 9, 48, 1, 0, 0, 0, 0, 0, 0, 0, 0, 0, 0, '2025-03-02 10:50:24'),
(333, 53, '2025-03-09', 101, 1, 0, 0, 0, 0, 0, 3, 2, 6, 0, 1, 0, 0, 0, 0, 0, 0, 0, '2025-03-09 08:23:37'),
(334, 51, '2025-03-09', 101, 1, 0, 0, 0, 2, 0, 0, 0, 0, 0, 0, 0, 0, 0, 0, 0, 0, 0, '2025-03-09 08:25:22'),
(335, 52, '2025-03-09', 101, 1, 0, 0, 0, 0, 1, 5, 6, 29, 0, 12, 2, 0, 0, 0, 0, 0, 0, '2025-03-09 08:37:49'),
(336, 11, '2025-03-09', 101, 1, 0, 0, 0, 25, 0, 0, 0, 0, 0, 0, 0, 0, 0, 0, 0, 0, 0, '2025-03-09 08:45:31'),
(337, 14, '2025-03-09', 101, 1, 0, 0, 0, 6, 3, 41, 11, 23, 0, 8, 1, 0, 1, 0, 0, 0, 0, '2025-03-09 08:46:50'),
(338, 58, '2025-03-09', 101, 1, 0, 0, 0, 16, 0, 0, 0, 0, 0, 0, 0, 0, 0, 0, 0, 0, 0, '2025-03-09 08:48:51'),
(339, 23, '2025-03-09', 101, 1, 0, 0, 0, 21, 0, 0, 0, 0, 0, 0, 0, 0, 0, 0, 0, 0, 0, '2025-03-09 08:54:09'),
(340, 24, '2025-03-09', 101, 1, 0, 0, 0, 24, 15, 98, 62, 137, 0, 60, 4, 0, 2, 0, 3, 0, 3, '2025-03-09 09:24:32'),
(341, 21, '2025-03-09', 101, 1, 99999, 18000, 0, 340, 5, 11, 1, 1, 0, 1, 0, 0, 1, 0, 0, 0, 1, '2025-03-09 09:27:14'),
(342, 22, '2025-03-09', 101, 1, 0, 0, 0, 0, 2, 25, 31, 100, 0, 81, 10, 0, 16, 0, 12, 0, 11, '2025-03-09 09:37:51'),
(343, 50, '2025-03-09', 101, 1, 0, 0, 0, 0, 0, 8, 3, 21, 0, 8, 1, 0, 2, 0, 0, 0, 0, '2025-03-09 09:45:14'),
(344, 14, '2025-03-16', 101, 1, 0, 0, 0, 4, 6, 43, 13, 22, 0, 16, 1, 0, 2, 0, 0, 0, 0, '2025-03-16 08:09:00'),
(345, 21, '2025-03-16', 210, 1, 0, 0, 0, 132, 1, 11, 0, 0, 0, 0, 0, 0, 0, 0, 0, 0, 0, '2025-03-16 08:14:36'),
(346, 23, '2025-03-16', 210, 1, 0, 0, 0, 7, 0, 5, 0, 0, 0, 0, 0, 0, 0, 0, 0, 0, 0, '2025-03-16 08:15:03'),
(347, 13, '2025-03-16', 101, 1, 0, 0, 0, 4, 0, 0, 0, 0, 0, 0, 0, 0, 0, 0, 0, 0, 0, '2025-03-16 08:22:31'),
(348, 24, '2025-03-16', 101, 1, 0, 0, 0, 3, 15, 103, 59, 111, 0, 47, 12, 0, 7, 0, 5, 0, 5, '2025-03-16 08:24:23'),
(349, 11, '2025-03-16', 101, 1, 0, 0, 0, 18, 1, 1, 0, 0, 0, 0, 0, 0, 0, 0, 0, 0, 0, '2025-03-16 08:24:57'),
(350, 50, '2025-03-16', 101, 1, 0, 0, 0, 0, 1, 3, 4, 15, 0, 10, 1, 0, 1, 0, 1, 0, 1, '2025-03-16 08:43:54'),
(351, 58, '2025-03-16', 101, 1, 0, 0, 0, 20, 0, 0, 0, 0, 0, 0, 0, 0, 0, 0, 0, 0, 0, '2025-03-16 09:04:51'),
(352, 53, '2025-03-16', 101, 1, 0, 0, 0, 0, 0, 5, 1, 5, 0, 1, 1, 0, 0, 0, 0, 0, 0, '2025-03-16 09:05:16'),
(353, 52, '2025-03-16', 101, 1, 0, 0, 0, 0, 0, 8, 7, 22, 0, 15, 1, 0, 0, 0, 3, 0, 1, '2025-03-16 09:05:58'),
(354, 22, '2025-03-16', 101, 1, 0, 0, 0, 4, 2, 20, 24, 93, 2, 97, 15, 0, 17, 0, 11, 0, 8, '2025-03-16 09:06:55'),
(355, 21, '2025-03-23', 238, 1, 0, 0, 0, 20, 0, 0, 0, 0, 0, 0, 0, 0, 0, 0, 0, 0, 0, '2025-03-23 07:33:02'),
(356, 21, '2025-03-23', 239, 2, 0, 0, 0, 6, 0, 0, 0, 0, 0, 0, 0, 0, 0, 0, 0, 0, 0, '2025-03-23 07:33:39'),
(357, 21, '2025-03-23', 240, 3, 0, 0, 0, 6, 0, 0, 0, 0, 0, 0, 0, 0, 0, 0, 0, 0, 0, '2025-03-23 07:34:51'),
(358, 21, '2025-03-23', 241, 4, 0, 0, 0, 6, 1, 1, 0, 0, 0, 0, 0, 0, 0, 0, 0, 0, 0, '2025-03-23 07:35:34'),
(359, 21, '2025-03-23', 177, 5, 0, 0, 0, 4, 0, 0, 0, 0, 0, 0, 0, 0, 0, 0, 0, 0, 0, '2025-03-23 07:36:45'),
(360, 21, '2025-03-23', 242, 6, 0, 0, 0, 3, 0, 1, 0, 2, 0, 1, 0, 0, 0, 0, 0, 0, 0, '2025-03-23 07:38:29'),
(361, 21, '2025-03-23', 117, 7, 0, 0, 0, 1, 1, 2, 1, 0, 0, 0, 0, 0, 0, 0, 0, 0, 0, '2025-03-23 07:39:26'),
(362, 21, '2025-03-23', 244, 8, 0, 0, 0, 1, 0, 0, 0, 0, 0, 0, 0, 0, 0, 0, 0, 0, 0, '2025-03-23 07:40:15'),
(363, 21, '2025-03-23', 245, 9, 0, 0, 0, 1, 0, 0, 0, 0, 0, 0, 0, 0, 0, 0, 0, 0, 0, '2025-03-23 07:40:54'),
(364, 21, '2025-03-23', 246, 10, 0, 0, 0, 0, 1, 0, 0, 0, 0, 0, 0, 0, 0, 0, 0, 0, 0, '2025-03-23 07:41:43'),
(365, 23, '2025-03-23', 247, 1, 0, 0, 0, 2, 0, 0, 0, 0, 0, 0, 0, 0, 0, 0, 0, 0, 0, '2025-03-23 07:43:21'),
(366, 23, '2025-03-23', 248, 2, 0, 0, 0, 2, 0, 0, 0, 0, 0, 0, 0, 0, 0, 0, 0, 0, 0, '2025-03-23 07:43:50'),
(367, 23, '2025-03-23', 249, 3, 0, 0, 0, 2, 0, 0, 0, 0, 0, 0, 0, 0, 0, 0, 0, 0, 0, '2025-03-23 07:44:24'),
(368, 23, '2025-03-23', 250, 4, 0, 0, 0, 2, 0, 0, 0, 0, 0, 0, 0, 0, 0, 0, 0, 0, 0, '2025-03-23 07:45:18'),
(369, 23, '2025-03-23', 251, 5, 0, 0, 0, 1, 0, 0, 0, 0, 0, 0, 0, 0, 0, 0, 0, 0, 0, '2025-03-23 07:45:42'),
(370, 58, '2025-03-23', 252, 1, 0, 0, 0, 19, 0, 5, 0, 0, 0, 0, 0, 0, 0, 0, 0, 0, 0, '2025-03-23 07:46:48'),
(371, 58, '2025-03-23', 253, 2, 0, 0, 0, 19, 0, 5, 0, 0, 0, 0, 0, 0, 0, 0, 0, 0, 0, '2025-03-23 07:47:29'),
(372, 58, '2025-03-23', 241, 3, 0, 0, 0, 8, 0, 0, 0, 0, 0, 0, 0, 0, 0, 0, 0, 0, 0, '2025-03-23 07:47:56'),
(373, 11, '2025-03-23', 254, 1, 0, 0, 0, 7, 0, 0, 0, 0, 0, 0, 0, 0, 0, 0, 0, 0, 0, '2025-03-23 07:51:41'),
(374, 11, '2025-03-23', 255, 2, 0, 0, 0, 3, 0, 0, 0, 0, 0, 0, 0, 0, 0, 0, 0, 0, 0, '2025-03-23 07:52:09'),
(375, 13, '2025-03-23', 256, 1, 0, 0, 0, 2, 0, 0, 0, 0, 0, 0, 0, 0, 0, 0, 0, 0, 0, '2025-03-23 07:53:22'),
(376, 52, '2025-03-23', 101, 1, 0, 0, 0, 0, 1, 7, 6, 28, 0, 13, 0, 0, 0, 0, 2, 0, 2, '2025-03-23 07:54:51'),
(377, 53, '2025-03-23', 101, 1, 0, 0, 0, 0, 0, 2, 3, 3, 0, 1, 2, 0, 1, 0, 0, 0, 0, '2025-03-23 07:55:35'),
(378, 14, '2025-03-23', 101, 1, 0, 0, 0, 3, 4, 42, 18, 22, 0, 7, 0, 0, 0, 0, 1, 0, 1, '2025-03-23 07:57:07'),
(379, 22, '2025-03-23', 101, 1, 0, 0, 0, 3, 2, 28, 24, 96, 1, 74, 10, 0, 10, 0, 21, 0, 13, '2025-03-23 08:11:22'),
(380, 24, '2025-03-23', 101, 1, 0, 0, 0, 4, 6, 115, 61, 130, 2, 42, 9, 0, 2, 0, 7, 0, 4, '2025-03-23 08:15:55'),
(381, 50, '2025-03-23', 101, 1, 0, 0, 0, 1, 0, 8, 0, 5, 0, 2, 1, 0, 0, 0, 1, 0, 0, '2025-03-23 08:37:43'),
(382, 53, '2025-03-30', 101, 1, 0, 0, 0, 0, 0, 1, 3, 11, 0, 5, 0, 0, 0, 0, 0, 0, 0, '2025-03-30 04:19:30'),
(383, 13, '2025-03-30', 257, 1, 0, 0, 0, 10, 0, 0, 0, 0, 0, 0, 0, 0, 0, 0, 0, 0, 0, '2025-03-30 07:58:47'),
(384, 11, '2025-03-30', 256, 1, 0, 0, 0, 20, 0, 0, 0, 0, 0, 0, 0, 0, 0, 0, 0, 0, 0, '2025-03-30 07:59:44'),
(385, 11, '2025-03-30', 259, 2, 0, 0, 0, 6, 0, 0, 0, 0, 0, 0, 0, 0, 0, 0, 0, 0, 0, '2025-03-30 08:00:28'),
(386, 11, '2025-03-30', 260, 3, 0, 0, 0, 6, 0, 0, 0, 0, 0, 0, 0, 0, 0, 0, 0, 0, 0, '2025-03-30 08:01:14'),
(387, 11, '2025-03-30', 259, 4, 0, 0, 0, 6, 0, 0, 0, 0, 0, 0, 0, 0, 0, 0, 0, 0, 0, '2025-03-30 08:02:22'),
(388, 21, '2025-03-30', 146, 1, 0, 0, 0, 20, 0, 0, 0, 0, 0, 0, 0, 0, 0, 0, 0, 0, 0, '2025-03-30 08:04:28'),
(389, 21, '2025-03-30', 261, 2, 0, 0, 0, 10, 0, 0, 0, 0, 0, 0, 0, 0, 0, 0, 0, 0, 0, '2025-03-30 08:04:47'),
(390, 21, '2025-03-30', 262, 3, 0, 0, 0, 8, 0, 0, 0, 0, 0, 0, 0, 0, 0, 0, 0, 0, 0, '2025-03-30 08:05:22'),
(391, 21, '2025-03-30', 263, 4, 0, 0, 0, 4, 0, 0, 0, 0, 0, 0, 0, 0, 0, 0, 0, 0, 0, '2025-03-30 08:05:52'),
(392, 21, '2025-03-30', 116, 5, 0, 0, 0, 4, 0, 0, 0, 0, 0, 0, 0, 0, 0, 0, 0, 0, 0, '2025-03-30 08:06:40'),
(393, 21, '2025-03-30', 265, 6, 0, 0, 0, 4, 0, 0, 0, 0, 0, 0, 0, 0, 0, 0, 0, 0, 0, '2025-03-30 08:07:11'),
(394, 21, '2025-03-30', 266, 7, 0, 0, 0, 4, 0, 0, 0, 0, 0, 0, 0, 0, 0, 0, 0, 0, 0, '2025-03-30 08:07:45'),
(395, 21, '2025-03-30', 267, 8, 0, 0, 0, 3, 0, 0, 0, 0, 0, 0, 0, 0, 0, 0, 0, 0, 0, '2025-03-30 08:08:31'),
(396, 21, '2025-03-30', 268, 9, 0, 0, 0, 3, 0, 0, 0, 0, 0, 0, 0, 0, 0, 0, 0, 0, 0, '2025-03-30 08:09:06'),
(397, 21, '2025-03-30', 269, 10, 0, 0, 0, 2, 0, 0, 0, 0, 0, 0, 0, 0, 0, 0, 0, 0, 0, '2025-03-30 08:09:32'),
(398, 21, '2025-03-30', 270, 11, 0, 0, 0, 2, 0, 0, 0, 0, 0, 0, 0, 0, 0, 0, 0, 0, 0, '2025-03-30 08:10:13'),
(399, 21, '2025-03-30', 269, 12, 0, 0, 0, 2, 0, 0, 0, 0, 0, 0, 0, 0, 0, 0, 0, 0, 0, '2025-03-30 08:10:44'),
(400, 21, '2025-03-30', 271, 13, 0, 0, 0, 2, 0, 0, 0, 0, 0, 0, 0, 0, 0, 0, 0, 0, 0, '2025-03-30 08:11:23'),
(401, 21, '2025-03-30', 272, 14, 0, 0, 0, 1, 0, 0, 0, 0, 0, 0, 0, 0, 0, 0, 0, 0, 0, '2025-03-30 08:11:55'),
(402, 21, '2025-03-30', 273, 15, 0, 0, 0, 1, 0, 0, 0, 0, 0, 0, 0, 0, 0, 0, 0, 0, 0, '2025-03-30 08:12:13'),
(403, 21, '2025-03-30', 230, 16, 0, 0, 0, 1, 0, 0, 0, 0, 0, 0, 0, 0, 0, 0, 0, 0, 0, '2025-03-30 08:12:40'),
(404, 21, '2025-03-30', 274, 17, 0, 0, 0, 1, 0, 0, 0, 0, 0, 0, 0, 0, 0, 0, 0, 0, 0, '2025-03-30 08:13:45'),
(405, 58, '2025-03-30', 275, 1, 0, 0, 0, 100, 0, 0, 0, 0, 0, 0, 0, 0, 0, 0, 0, 0, 0, '2025-03-30 08:15:50'),
(406, 58, '2025-03-30', 276, 2, 0, 0, 0, 30, 0, 0, 0, 0, 0, 1, 0, 0, 1, 0, 0, 0, 1, '2025-03-30 08:17:01'),
(407, 14, '2025-03-30', 101, 1, 0, 0, 0, 6, 6, 45, 15, 29, 0, 8, 0, 0, 1, 0, 0, 0, 1, '2025-03-30 08:19:41'),
(408, 58, '2025-03-30', 277, 3, 0, 0, 0, 6, 0, 0, 0, 0, 0, 0, 0, 0, 0, 0, 0, 0, 0, '2025-03-30 08:22:19'),
(409, 22, '2025-03-30', 101, 1, 0, 0, 0, 6, 4, 30, 19, 84, 0, 29, 13, 0, 21, 0, 18, 0, 11, '2025-03-30 08:34:36'),
(410, 21, '2025-03-30', 278, 18, 0, 0, 0, 2, 0, 0, 0, 0, 0, 0, 0, 0, 0, 0, 0, 0, 0, '2025-03-30 08:35:36'),
(411, 24, '2025-03-30', 101, 1, 0, 0, 0, 13, 11, 100, 53, 28, 0, 0, 7, 0, 7, 0, 17, 0, 10, '2025-03-30 08:38:22'),
(412, 23, '2025-03-30', 279, 1, 0, 0, 0, 10, 0, 0, 0, 0, 0, 0, 0, 0, 0, 0, 0, 0, 0, '2025-03-30 08:39:57'),
(413, 23, '2025-03-30', 280, 2, 0, 0, 0, 4, 0, 0, 0, 0, 0, 0, 0, 0, 0, 0, 0, 0, 0, '2025-03-30 08:40:20'),
(414, 23, '2025-03-30', 281, 3, 0, 0, 0, 4, 0, 0, 0, 0, 0, 0, 0, 0, 0, 0, 0, 0, 0, '2025-03-30 08:40:55'),
(415, 23, '2025-03-30', 282, 4, 0, 0, 0, 2, 0, 0, 0, 0, 0, 0, 0, 0, 0, 0, 0, 0, 0, '2025-03-30 08:41:09'),
(416, 23, '2025-03-30', 283, 5, 0, 0, 0, 2, 0, 0, 0, 0, 0, 0, 0, 0, 0, 0, 0, 0, 0, '2025-03-30 08:41:34'),
(417, 23, '2025-03-30', 284, 6, 0, 0, 0, 2, 0, 0, 0, 0, 0, 0, 0, 0, 0, 0, 0, 0, 0, '2025-03-30 08:42:06'),
(418, 23, '2025-03-30', 285, 7, 0, 0, 0, 2, 0, 0, 0, 0, 0, 0, 0, 0, 0, 0, 0, 0, 0, '2025-03-30 08:42:43'),
(419, 23, '2025-03-30', 286, 8, 0, 0, 0, 1, 0, 0, 0, 0, 0, 0, 0, 0, 0, 0, 0, 0, 0, '2025-03-30 08:42:58'),
(420, 23, '2025-03-30', 287, 9, 0, 0, 0, 1, 0, 0, 0, 0, 0, 0, 0, 0, 0, 0, 0, 0, 0, '2025-03-30 08:43:24'),
(421, 56, '2025-03-30', 101, 1, 0, 0, 0, 11, 7, 12, 9, 16, 0, 9, 1, 0, 0, 0, 8, 0, 8, '2025-03-30 09:02:58'),
(422, 51, '2025-03-30', 101, 1, 0, 0, 0, 2, 0, 1, 0, 0, 0, 0, 0, 0, 0, 0, 0, 0, 0, '2025-03-30 09:05:01'),
(423, 52, '2025-03-30', 101, 1, 0, 0, 0, 0, 0, 6, 9, 19, 0, 24, 2, 0, 0, 0, 0, 0, 0, '2025-03-30 09:07:16'),
(424, 50, '2025-03-30', 101, 1, 0, 0, 0, 0, 0, 3, 1, 14, 0, 6, 1, 0, 3, 0, 0, 0, 0, '2025-03-30 09:08:01'),
(425, 21, '2025-04-06', 288, 1, 0, 0, 0, 34, 0, 0, 0, 0, 0, 0, 0, 0, 0, 0, 0, 0, 0, '2025-04-06 08:07:53'),
(426, 21, '2025-04-06', 104, 2, 0, 0, 0, 30, 0, 0, 0, 0, 0, 0, 0, 0, 0, 0, 0, 0, 0, '2025-04-06 08:08:28'),
(427, 21, '2025-04-06', 216, 3, 713001, 14000, 0, 0, 0, 0, 0, 0, 0, 0, 0, 0, 0, 0, 0, 0, 0, '2025-04-06 08:09:36'),
(428, 21, '2025-04-06', 148, 4, 0, 0, 0, 21, 0, 0, 0, 0, 0, 0, 0, 0, 0, 0, 0, 0, 0, '2025-04-06 08:10:15'),
(429, 21, '2025-04-06', 103, 5, 0, 0, 0, 20, 0, 0, 0, 0, 0, 0, 0, 0, 0, 0, 0, 0, 0, '2025-04-06 08:11:00'),
(430, 21, '2025-04-06', 147, 6, 0, 0, 0, 20, 0, 0, 0, 0, 0, 0, 0, 0, 0, 0, 0, 0, 0, '2025-04-06 08:11:49'),
(431, 21, '2025-04-06', 289, 7, 0, 0, 0, 20, 0, 0, 0, 0, 0, 0, 0, 0, 0, 0, 0, 0, 0, '2025-04-06 08:12:17'),
(432, 21, '2025-04-06', 150, 8, 0, 0, 0, 14, 0, 0, 0, 0, 0, 0, 0, 0, 0, 0, 0, 0, 0, '2025-04-06 08:13:40'),
(433, 21, '2025-04-06', 291, 9, 22696, 7000, 0, 0, 0, 0, 0, 0, 0, 0, 0, 0, 0, 0, 0, 0, 0, '2025-04-06 08:14:57'),
(434, 21, '2025-04-06', 222, 10, 0, 0, 0, 12, 0, 0, 0, 0, 0, 0, 0, 0, 0, 0, 0, 0, 0, '2025-04-06 08:15:44'),
(435, 21, '2025-04-06', 152, 11, 0, 0, 0, 10, 0, 0, 0, 0, 0, 0, 0, 0, 0, 0, 0, 0, 0, '2025-04-06 08:16:57'),
(436, 21, '2025-04-06', 153, 12, 0, 0, 0, 10, 0, 0, 0, 0, 0, 0, 0, 0, 0, 0, 0, 0, 0, '2025-04-06 08:17:52'),
(437, 21, '2025-04-06', 293, 13, 0, 0, 0, 10, 0, 0, 0, 0, 0, 0, 0, 0, 0, 0, 0, 0, 0, '2025-04-06 08:19:48'),
(438, 21, '2025-04-06', 294, 14, 0, 0, 0, 10, 0, 0, 0, 0, 0, 0, 0, 0, 0, 0, 0, 0, 0, '2025-04-06 08:20:19'),
(439, 21, '2025-04-06', 154, 15, 0, 0, 0, 10, 0, 0, 0, 0, 0, 0, 0, 0, 0, 0, 0, 0, 0, '2025-04-06 08:21:51'),
(440, 21, '2025-04-06', 295, 16, 0, 0, 0, 10, 0, 0, 0, 0, 0, 0, 0, 0, 0, 0, 0, 0, 0, '2025-04-06 08:22:28'),
(441, 21, '2025-04-06', 296, 17, 0, 0, 0, 10, 0, 0, 0, 0, 0, 0, 0, 0, 0, 0, 0, 0, 0, '2025-04-06 08:23:24'),
(442, 21, '2025-04-06', 297, 18, 0, 0, 0, 10, 0, 0, 0, 0, 0, 0, 0, 0, 0, 0, 0, 0, 0, '2025-04-06 08:23:50'),
(443, 21, '2025-04-06', 298, 19, 0, 0, 0, 8, 0, 0, 0, 0, 0, 0, 0, 0, 0, 0, 0, 0, 0, '2025-04-06 08:24:10'),
(444, 21, '2025-04-06', 299, 20, 0, 0, 0, 8, 0, 0, 0, 0, 0, 0, 0, 0, 0, 0, 0, 0, 0, '2025-04-06 08:24:38'),
(445, 21, '2025-04-06', 300, 21, 0, 0, 0, 8, 0, 0, 0, 0, 0, 0, 0, 0, 0, 0, 0, 0, 0, '2025-04-06 08:25:09'),
(446, 21, '2025-04-06', 301, 22, 0, 0, 0, 8, 0, 0, 0, 0, 0, 0, 0, 0, 0, 0, 0, 0, 0, '2025-04-06 08:25:22'),
(447, 21, '2025-04-06', 157, 23, 0, 0, 0, 7, 0, 1, 0, 0, 0, 0, 0, 0, 0, 0, 0, 0, 0, '2025-04-06 08:26:00'),
(448, 21, '2025-04-06', 302, 24, 477324, 3500, 0, 0, 0, 0, 0, 0, 0, 0, 0, 0, 0, 0, 0, 0, 0, '2025-04-06 08:26:34'),
(449, 21, '2025-04-06', 150, 25, 0, 0, 0, 7, 0, 0, 0, 0, 0, 0, 0, 0, 0, 0, 0, 0, 0, '2025-04-06 08:27:01'),
(450, 21, '2025-04-06', 220, 26, 0, 0, 0, 4, 7, 1, 0, 0, 0, 0, 0, 0, 0, 0, 0, 0, 0, '2025-04-06 08:27:40'),
(452, 21, '2025-04-06', 306, 28, 0, 0, 0, 6, 0, 0, 0, 0, 0, 0, 0, 0, 0, 0, 0, 0, 0, '2025-04-06 08:29:01'),
(453, 21, '2025-04-06', 166, 29, 0, 0, 0, 6, 0, 0, 0, 0, 0, 0, 0, 0, 0, 0, 0, 0, 0, '2025-04-06 08:29:41'),
(454, 21, '2025-04-06', 307, 30, 0, 0, 0, 6, 0, 0, 0, 0, 0, 0, 0, 0, 0, 0, 0, 0, 0, '2025-04-06 08:30:01'),
(455, 21, '2025-04-06', 164, 31, 0, 0, 0, 6, 0, 0, 0, 0, 0, 0, 0, 0, 0, 0, 0, 0, 0, '2025-04-06 08:30:32'),
(456, 21, '2025-04-06', 309, 32, 0, 0, 0, 6, 0, 0, 0, 0, 0, 0, 0, 0, 0, 0, 0, 0, 0, '2025-04-06 08:30:57'),
(457, 21, '2025-04-06', 310, 33, 0, 0, 0, 5, 0, 3, 0, 0, 0, 0, 0, 0, 0, 0, 0, 0, 0, '2025-04-06 08:31:39'),
(458, 21, '2025-04-06', 170, 34, 0, 0, 0, 5, 0, 0, 0, 0, 0, 0, 0, 0, 0, 0, 0, 0, 0, '2025-04-06 08:32:11'),
(459, 21, '2025-04-06', 168, 35, 0, 0, 0, 5, 0, 0, 0, 0, 0, 0, 0, 0, 0, 0, 0, 0, 0, '2025-04-06 08:32:38'),
(460, 21, '2025-04-06', 311, 36, 0, 0, 0, 5, 0, 0, 0, 0, 0, 0, 0, 0, 0, 0, 0, 0, 0, '2025-04-06 08:33:03'),
(461, 21, '2025-04-06', 171, 37, 0, 0, 0, 4, 0, 3, 0, 0, 0, 0, 0, 0, 0, 0, 0, 0, 0, '2025-04-06 08:34:26'),
(462, 21, '2025-04-06', 167, 38, 0, 0, 0, 4, 1, 0, 0, 0, 0, 0, 0, 0, 0, 0, 0, 0, 0, '2025-04-06 08:34:50'),
(463, 21, '2025-04-06', 132, 39, 0, 0, 0, 4, 0, 1, 0, 0, 0, 1, 0, 0, 1, 0, 0, 0, 1, '2025-04-06 08:36:12'),
(464, 21, '2025-04-06', 312, 40, 0, 0, 0, 4, 0, 0, 0, 0, 0, 0, 0, 0, 0, 0, 0, 0, 0, '2025-04-06 08:36:35'),
(465, 21, '2025-04-06', 173, 41, 0, 0, 0, 4, 0, 0, 0, 0, 0, 0, 0, 0, 0, 0, 0, 0, 0, '2025-04-06 08:36:54'),
(466, 21, '2025-04-06', 118, 42, 0, 0, 0, 4, 0, 0, 0, 0, 0, 0, 0, 0, 0, 0, 0, 0, 0, '2025-04-06 08:37:26'),
(467, 21, '2025-04-06', 313, 43, 0, 0, 0, 4, 0, 0, 0, 0, 0, 0, 0, 0, 0, 0, 0, 0, 0, '2025-04-06 08:38:00'),
(468, 21, '2025-04-06', 314, 44, 0, 0, 0, 4, 0, 0, 0, 0, 0, 0, 0, 0, 0, 0, 0, 0, 0, '2025-04-06 08:38:57'),
(469, 21, '2025-04-06', 128, 45, 0, 0, 0, 4, 0, 0, 0, 0, 0, 0, 0, 0, 0, 0, 0, 0, 0, '2025-04-06 08:39:38'),
(470, 21, '2025-04-06', 315, 46, 0, 0, 0, 4, 0, 0, 0, 0, 0, 0, 0, 0, 0, 0, 0, 0, 0, '2025-04-06 08:40:24'),
(471, 21, '2025-04-06', 316, 47, 0, 0, 0, 4, 0, 0, 0, 0, 0, 0, 0, 0, 0, 0, 0, 0, 0, '2025-04-06 08:41:47'),
(472, 21, '2025-04-06', 163, 48, 0, 0, 0, 4, 0, 0, 0, 0, 0, 0, 0, 0, 0, 0, 0, 0, 0, '2025-04-06 08:42:40'),
(473, 21, '2025-04-06', 108, 49, 0, 0, 0, 2, 0, 0, 0, 0, 0, 0, 0, 0, 0, 0, 0, 0, 0, '2025-04-06 08:43:48'),
(474, 21, '2025-04-06', 318, 50, 0, 0, 0, 2, 0, 0, 0, 0, 0, 0, 0, 0, 0, 0, 0, 0, 0, '2025-04-06 08:44:16'),
(475, 21, '2025-04-06', 319, 51, 0, 0, 0, 2, 0, 0, 0, 0, 0, 0, 0, 0, 0, 0, 0, 0, 0, '2025-04-06 08:44:41'),
(476, 21, '2025-04-06', 195, 52, 0, 0, 0, 2, 0, 0, 0, 0, 0, 0, 0, 0, 0, 0, 0, 0, 0, '2025-04-06 08:45:12'),
(477, 21, '2025-04-06', 189, 53, 0, 0, 0, 2, 0, 0, 0, 0, 0, 0, 0, 0, 0, 0, 0, 0, 0, '2025-04-06 08:45:28'),
(478, 21, '2025-04-06', 188, 54, 0, 0, 0, 2, 0, 0, 0, 0, 0, 0, 0, 0, 0, 0, 0, 0, 0, '2025-04-06 08:45:45'),
(479, 21, '2025-04-06', 320, 55, 0, 0, 0, 2, 0, 0, 0, 0, 0, 0, 0, 0, 0, 0, 0, 0, 0, '2025-04-06 08:46:07'),
(480, 21, '2025-04-06', 321, 56, 0, 0, 0, 2, 0, 0, 0, 0, 0, 0, 0, 0, 0, 0, 0, 0, 0, '2025-04-06 08:46:55'),
(481, 21, '2025-04-06', 322, 57, 0, 0, 0, 2, 0, 0, 0, 0, 0, 0, 0, 0, 0, 0, 0, 0, 0, '2025-04-06 08:48:34'),
(482, 21, '2025-04-06', 278, 58, 0, 0, 0, 2, 0, 0, 0, 0, 0, 0, 0, 0, 0, 0, 0, 0, 0, '2025-04-06 08:48:49'),
(483, 21, '2025-04-06', 323, 59, 0, 0, 0, 1, 0, 3, 0, 0, 0, 0, 0, 0, 0, 0, 0, 0, 0, '2025-04-06 08:49:26'),
(484, 21, '2025-04-06', 232, 60, 0, 0, 0, 1, 0, 0, 0, 0, 0, 0, 0, 0, 0, 0, 0, 0, 0, '2025-04-06 08:49:55'),
(485, 21, '2025-04-06', 324, 61, 0, 0, 0, 1, 0, 0, 0, 0, 0, 0, 0, 0, 0, 0, 0, 0, 0, '2025-04-06 08:50:10'),
(486, 21, '2025-04-06', 325, 62, 0, 0, 0, 1, 0, 0, 0, 0, 0, 0, 0, 0, 0, 0, 0, 0, 0, '2025-04-06 08:50:28'),
(487, 21, '2025-04-06', 326, 63, 0, 0, 0, 0, 0, 5, 0, 0, 0, 0, 0, 0, 0, 0, 0, 0, 0, '2025-04-06 08:50:39'),
(488, 21, '2025-04-06', 327, 64, 0, 0, 0, 1, 0, 0, 0, 0, 0, 0, 0, 0, 0, 0, 0, 0, 0, '2025-04-06 08:51:10'),
(489, 21, '2025-04-06', 328, 65, 0, 0, 0, 1, 0, 0, 0, 0, 0, 0, 0, 0, 0, 0, 0, 0, 0, '2025-04-06 08:51:29'),
(490, 21, '2025-04-06', 329, 66, 0, 0, 0, 1, 0, 0, 0, 0, 0, 0, 0, 0, 0, 0, 0, 0, 0, '2025-04-06 08:51:58'),
(491, 21, '2025-04-06', 206, 67, 0, 0, 0, 1, 0, 0, 0, 0, 0, 0, 0, 0, 0, 0, 0, 0, 0, '2025-04-06 08:52:10'),
(492, 21, '2025-04-06', 331, 68, 0, 0, 0, 1, 0, 0, 0, 0, 0, 0, 0, 0, 0, 0, 0, 0, 0, '2025-04-06 08:52:23'),
(493, 21, '2025-04-06', 332, 69, 0, 0, 0, 1, 0, 0, 0, 0, 0, 0, 0, 0, 0, 0, 0, 0, 0, '2025-04-06 08:52:46'),
(494, 21, '2025-04-06', 333, 70, 0, 0, 0, 1, 0, 0, 0, 0, 0, 0, 0, 0, 0, 0, 0, 0, 0, '2025-04-06 08:53:11'),
(495, 21, '2025-04-06', 334, 71, 0, 0, 0, 1, 0, 0, 0, 0, 0, 0, 0, 0, 0, 0, 0, 0, 0, '2025-04-06 08:53:35'),
(496, 21, '2025-04-06', 244, 72, 0, 0, 0, 1, 0, 0, 0, 0, 0, 0, 0, 0, 0, 0, 0, 0, 0, '2025-04-06 08:54:17'),
(497, 21, '2025-04-06', 335, 73, 0, 0, 0, 1, 0, 0, 0, 0, 0, 0, 0, 0, 0, 0, 0, 0, 0, '2025-04-06 08:54:32'),
(498, 21, '2025-04-06', 336, 74, 0, 0, 0, 0, 1, 1, 0, 0, 0, 0, 0, 0, 0, 0, 0, 0, 0, '2025-04-06 08:54:50'),
(499, 11, '2025-04-06', 100, 1, 0, 0, 0, 36, 0, 0, 0, 0, 0, 0, 0, 0, 0, 0, 0, 0, 0, '2025-04-06 08:56:05'),
(500, 11, '2025-04-06', 337, 2, 0, 0, 0, 14, 0, 0, 0, 0, 0, 0, 0, 0, 0, 0, 0, 0, 0, '2025-04-06 08:56:35'),
(501, 11, '2025-04-06', 338, 3, 0, 0, 0, 10, 1, 1, 0, 0, 0, 0, 0, 0, 0, 0, 0, 0, 0, '2025-04-06 08:56:54'),
(502, 11, '2025-04-06', 339, 4, 0, 0, 0, 10, 0, 0, 0, 0, 0, 0, 0, 0, 0, 0, 0, 0, 0, '2025-04-06 08:57:29'),
(503, 11, '2025-04-06', 340, 5, 0, 0, 0, 8, 0, 0, 0, 0, 0, 0, 0, 0, 0, 0, 0, 0, 0, '2025-04-06 08:57:58'),
(504, 11, '2025-04-06', 341, 6, 0, 0, 0, 6, 0, 0, 0, 0, 0, 0, 0, 0, 0, 0, 0, 0, 0, '2025-04-06 08:58:22'),
(505, 11, '2025-04-06', 159, 7, 0, 0, 0, 6, 0, 0, 0, 0, 0, 0, 0, 0, 0, 0, 0, 0, 0, '2025-04-06 08:58:43'),
(506, 11, '2025-04-06', 342, 8, 0, 0, 0, 6, 0, 0, 0, 0, 0, 0, 0, 0, 0, 0, 0, 0, 0, '2025-04-06 08:58:56'),
(507, 11, '2025-04-06', 343, 9, 0, 0, 0, 5, 0, 0, 0, 0, 0, 0, 0, 0, 0, 0, 0, 0, 0, '2025-04-06 08:59:32'),
(508, 11, '2025-04-06', 344, 10, 0, 0, 0, 0, 10, 1, 0, 0, 0, 0, 0, 0, 0, 0, 0, 0, 0, '2025-04-06 09:00:07'),
(509, 11, '2025-04-06', 345, 11, 0, 0, 0, 4, 0, 0, 0, 0, 0, 0, 0, 0, 0, 0, 0, 0, 0, '2025-04-06 09:00:28'),
(510, 11, '2025-04-06', 345, 12, 0, 0, 0, 4, 0, 0, 0, 0, 0, 0, 0, 0, 0, 0, 0, 0, 0, '2025-04-06 09:00:44'),
(511, 11, '2025-04-06', 346, 13, 0, 0, 0, 4, 0, 0, 0, 0, 0, 0, 0, 0, 0, 0, 0, 0, 0, '2025-04-06 09:01:08'),
(512, 11, '2025-04-06', 255, 14, 0, 0, 0, 3, 0, 0, 0, 0, 0, 0, 0, 0, 0, 0, 0, 0, 0, '2025-04-06 09:01:31'),
(513, 11, '2025-04-06', 347, 15, 0, 0, 0, 1, 0, 5, 0, 0, 0, 0, 0, 0, 0, 0, 0, 0, 0, '2025-04-06 09:02:00'),
(514, 11, '2025-04-06', 176, 16, 0, 0, 0, 3, 0, 0, 0, 0, 0, 0, 0, 0, 0, 0, 0, 0, 0, '2025-04-06 09:02:51'),
(515, 11, '2025-04-06', 349, 17, 0, 0, 0, 2, 0, 0, 0, 0, 0, 0, 0, 0, 0, 0, 0, 0, 0, '2025-04-06 09:03:21'),
(516, 11, '2025-04-06', 349, 18, 0, 0, 0, 2, 0, 0, 0, 0, 0, 0, 0, 0, 0, 0, 0, 0, 0, '2025-04-06 09:03:46'),
(517, 13, '2025-04-06', 350, 1, 0, 0, 0, 0, 0, 20, 0, 0, 0, 0, 0, 0, 0, 0, 0, 0, 0, '2025-04-06 09:05:13'),
(518, 13, '2025-04-06', 351, 2, 0, 0, 0, 1, 0, 0, 0, 0, 0, 0, 0, 0, 0, 0, 0, 0, 0, '2025-04-06 09:05:45'),
(519, 23, '2025-04-06', 352, 1, 0, 0, 0, 8, 0, 0, 0, 0, 0, 0, 0, 0, 0, 0, 0, 0, 0, '2025-04-06 09:07:19'),
(520, 23, '2025-04-06', 93, 2, 0, 0, 0, 4, 0, 0, 0, 0, 0, 0, 0, 0, 0, 0, 0, 0, 0, '2025-04-06 09:07:48'),
(521, 23, '2025-04-06', 353, 3, 0, 0, 0, 4, 0, 0, 0, 0, 0, 0, 0, 0, 0, 0, 0, 0, 0, '2025-04-06 09:08:14'),
(522, 23, '2025-04-06', 354, 4, 0, 0, 0, 4, 0, 0, 0, 0, 0, 0, 0, 0, 0, 0, 0, 0, 0, '2025-04-06 09:08:38'),
(523, 23, '2025-04-06', 355, 5, 0, 0, 0, 2, 0, 0, 0, 0, 0, 0, 0, 0, 0, 0, 0, 0, 0, '2025-04-06 09:09:15'),
(524, 23, '2025-04-06', 356, 6, 0, 0, 0, 2, 0, 0, 0, 0, 0, 0, 0, 0, 0, 0, 0, 0, 0, '2025-04-06 09:09:44'),
(525, 23, '2025-04-06', 357, 7, 0, 0, 0, 2, 0, 0, 0, 0, 0, 0, 0, 0, 0, 0, 0, 0, 0, '2025-04-06 09:10:17'),
(526, 23, '2025-04-06', 358, 8, 0, 0, 0, 1, 0, 0, 0, 0, 0, 0, 0, 0, 0, 0, 0, 0, 0, '2025-04-06 09:10:42'),
(527, 23, '2025-04-06', 359, 9, 0, 0, 0, 1, 0, 0, 0, 0, 0, 0, 0, 0, 0, 0, 0, 0, 0, '2025-04-06 09:11:00'),
(528, 23, '2025-04-06', 360, 10, 0, 0, 0, 0, 1, 0, 0, 0, 0, 0, 0, 0, 0, 0, 0, 0, 0, '2025-04-06 09:11:43'),
(529, 23, '2025-04-06', 315, 11, 0, 0, 0, 0, 0, 1, 0, 0, 0, 0, 0, 0, 0, 0, 0, 0, 0, '2025-04-06 09:11:55'),
(530, 24, '2025-04-06', 101, 1, 0, 0, 0, 14, 10, 128, 65, 99, 2, 56, 5, 0, 10, 0, 2, 0, 4, '2025-04-06 09:13:04'),
(531, 50, '2025-04-06', 101, 1, 0, 0, 0, 1, 2, 4, 2, 19, 1, 12, 3, 0, 3, 0, 1, 0, 4, '2025-04-06 09:14:33'),
(532, 53, '2025-04-06', 101, 1, 0, 0, 0, 0, 0, 3, 5, 5, 0, 2, 0, 0, 0, 0, 0, 0, 0, '2025-04-06 09:15:11'),
(533, 52, '2025-04-06', 101, 1, 0, 0, 0, 1, 0, 3, 10, 21, 0, 19, 1, 0, 0, 0, 0, 0, 0, '2025-04-06 09:15:37'),
(534, 14, '2025-04-06', 101, 1, 0, 0, 0, 4, 2, 47, 16, 22, 1, 17, 2, 0, 1, 0, 0, 0, 2, '2025-04-06 09:18:44'),
(535, 58, '2025-04-06', 288, 1, 116681, 200000, 0, 0, 0, 0, 0, 0, 0, 0, 0, 0, 0, 0, 0, 0, 0, '2025-04-06 09:25:31'),
(536, 58, '2025-04-06', 289, 2, 0, 0, 0, 10, 0, 0, 0, 0, 0, 0, 0, 0, 0, 0, 0, 0, 0, '2025-04-06 09:25:50'),
(537, 58, '2025-04-06', 361, 3, 588922, 200000, 0, 0, 0, 0, 0, 0, 0, 0, 0, 0, 0, 0, 0, 0, 0, '2025-04-06 09:26:33'),
(538, 22, '2025-04-06', 101, 1, 0, 0, 0, 7, 5, 27, 16, 92, 0, 44, 17, 0, 11, 0, 10, 0, 6, '2025-04-06 09:33:13'),
(539, 58, '2025-04-13', 150, 1, 0, 0, 0, 200, 0, 0, 0, 0, 0, 0, 0, 0, 0, 0, 0, 0, 0, '2025-04-13 10:22:03'),
(540, 58, '2025-04-13', 133, 2, 0, 0, 0, 100, 0, 0, 0, 0, 0, 0, 0, 0, 0, 0, 0, 0, 0, '2025-04-13 10:26:10'),
(541, 53, '2025-04-13', 101, 1, 0, 0, 0, 1, 0, 6, 2, 10, 0, 0, 0, 0, 0, 0, 0, 0, 0, '2025-04-13 10:29:51'),
(542, 52, '2025-04-13', 101, 1, 0, 0, 0, 0, 0, 10, 4, 32, 0, 12, 5, 0, 2, 0, 1, 0, 1, '2025-04-13 10:40:02'),
(543, 11, '2025-04-13', 363, 1, 0, 0, 0, 10, 0, 0, 0, 0, 0, 0, 0, 0, 0, 0, 0, 0, 0, '2025-04-13 10:44:36'),
(544, 11, '2025-04-13', 364, 2, 0, 0, 0, 4, 0, 0, 0, 0, 0, 0, 0, 0, 0, 0, 0, 0, 0, '2025-04-13 10:45:33'),
(545, 11, '2025-04-13', 365, 3, 0, 0, 0, 4, 0, 0, 0, 0, 0, 0, 0, 0, 0, 0, 0, 0, 0, '2025-04-13 10:46:00'),
(546, 11, '2025-04-13', 175, 4, 0, 0, 0, 4, 0, 0, 0, 0, 0, 0, 0, 0, 0, 0, 0, 0, 0, '2025-04-13 10:46:24'),
(547, 11, '2025-04-13', 226, 5, 0, 0, 0, 2, 0, 0, 0, 0, 0, 0, 0, 0, 0, 0, 0, 0, 0, '2025-04-13 10:46:50'),
(548, 11, '2025-04-13', 366, 6, 0, 0, 0, 2, 0, 0, 0, 0, 0, 0, 0, 0, 0, 0, 0, 0, 0, '2025-04-13 10:47:28'),
(549, 11, '2025-04-13', 367, 7, 0, 0, 0, 1, 0, 0, 0, 0, 0, 0, 0, 0, 0, 0, 0, 0, 0, '2025-04-13 10:48:01'),
(550, 11, '2025-04-13', 368, 8, 0, 0, 0, 1, 0, 0, 0, 0, 0, 0, 0, 0, 0, 0, 0, 0, 0, '2025-04-13 10:48:40'),
(551, 11, '2025-04-13', 369, 9, 0, 0, 0, 1, 0, 0, 0, 0, 0, 0, 0, 0, 0, 0, 0, 0, 0, '2025-04-13 10:48:56'),
(552, 11, '2025-04-13', 112, 10, 0, 0, 0, 1, 0, 0, 0, 0, 0, 0, 0, 0, 0, 0, 0, 0, 0, '2025-04-13 10:49:21'),
(553, 11, '2025-04-13', 371, 11, 0, 0, 0, 1, 0, 0, 0, 0, 0, 0, 0, 0, 0, 0, 0, 0, 0, '2025-04-13 10:49:51'),
(554, 11, '2025-04-13', 372, 12, 0, 0, 0, 0, 0, 3, 0, 0, 0, 0, 0, 0, 0, 0, 0, 0, 0, '2025-04-13 10:50:26'),
(555, 43, '2025-04-13', 373, 1, 0, 0, 0, 29, 2, 1, 0, 0, 0, 0, 0, 0, 0, 0, 0, 0, 0, '2025-04-13 10:52:09'),
(556, 43, '2025-04-13', 374, 2, 0, 0, 0, 4, 0, 0, 0, 0, 0, 0, 0, 0, 0, 0, 0, 0, 0, '2025-04-13 10:52:46'),
(557, 43, '2025-04-13', 375, 3, 0, 0, 0, 2, 0, 0, 0, 0, 0, 0, 0, 0, 0, 0, 0, 0, 0, '2025-04-13 10:53:08'),
(558, 43, '2025-04-13', 376, 4, 0, 0, 0, 2, 0, 0, 0, 0, 0, 0, 0, 0, 0, 0, 0, 0, 0, '2025-04-13 10:53:38'),
(559, 43, '2025-04-13', 377, 5, 0, 0, 0, 2, 0, 0, 0, 0, 0, 0, 0, 0, 0, 0, 0, 0, 0, '2025-04-13 10:54:01'),
(560, 43, '2025-04-13', 179, 6, 0, 0, 0, 2, 0, 0, 0, 0, 0, 0, 0, 0, 0, 0, 0, 0, 0, '2025-04-13 10:54:48'),
(561, 43, '2025-04-13', 276, 7, 0, 0, 0, 0, 2, 0, 0, 0, 0, 1, 0, 0, 1, 0, 0, 0, 1, '2025-04-13 10:55:34'),
(562, 21, '2025-04-13', 379, 1, 953532, 18000, 0, 0, 0, 0, 0, 0, 0, 0, 0, 0, 0, 0, 0, 0, 0, '2025-04-13 10:58:20'),
(563, 21, '2025-04-13', 380, 2, 0, 0, 0, 35, 1, 0, 0, 0, 0, 0, 0, 0, 0, 0, 0, 0, 0, '2025-04-13 10:58:50'),
(564, 21, '2025-04-13', 381, 3, 0, 0, 0, 30, 0, 0, 0, 0, 0, 0, 0, 0, 0, 0, 0, 0, 0, '2025-04-13 10:59:16'),
(565, 21, '2025-04-13', 238, 4, 0, 0, 0, 20, 0, 0, 0, 0, 0, 0, 0, 0, 0, 0, 0, 0, 0, '2025-04-13 10:59:45'),
(566, 21, '2025-04-13', 149, 5, 0, 0, 0, 16, 0, 0, 0, 0, 0, 0, 0, 0, 0, 0, 0, 0, 0, '2025-04-13 11:00:28'),
(567, 21, '2025-04-13', 383, 6, 0, 0, 0, 12, 0, 0, 0, 0, 0, 0, 0, 0, 0, 0, 0, 0, 0, '2025-04-13 11:01:04'),
(568, 21, '2025-04-13', 105, 7, 0, 0, 0, 10, 0, 0, 0, 0, 0, 0, 0, 0, 0, 0, 0, 0, 0, '2025-04-13 11:01:30'),
(569, 21, '2025-04-13', 385, 8, 0, 0, 0, 9, 0, 1, 0, 1, 0, 0, 0, 0, 0, 0, 0, 0, 0, '2025-04-13 11:01:59');
INSERT INTO `offerings` (`id`, `service_id`, `service_date`, `user_id`, `serial_no`, `check_no`, `check_amount`, `denomination_2000`, `denomination_500`, `denomination_200`, `denomination_100`, `denomination_50`, `denomination_20_notes`, `denomination_20_coins`, `denomination_10_notes`, `denomination_10_coins`, `denomination_5_notes`, `denomination_5_coins`, `denomination_2_notes`, `denomination_2_coins`, `denomination_1_notes`, `denomination_1_coins`, `created_at`) VALUES
(570, 21, '2025-04-13', 155, 9, 0, 0, 0, 9, 0, 0, 0, 0, 0, 0, 0, 0, 0, 0, 0, 0, 0, '2025-04-13 11:02:38'),
(571, 21, '2025-04-13', 386, 10, 0, 0, 0, 8, 0, 0, 0, 0, 0, 0, 0, 0, 0, 0, 0, 0, 0, '2025-04-13 11:03:09'),
(572, 21, '2025-04-13', 387, 11, 0, 0, 0, 7, 0, 0, 0, 0, 0, 0, 0, 0, 0, 0, 0, 0, 0, '2025-04-13 11:03:41'),
(573, 21, '2025-04-13', 219, 12, 0, 0, 0, 6, 0, 0, 0, 0, 0, 0, 0, 0, 0, 0, 0, 0, 0, '2025-04-13 11:03:56'),
(574, 21, '2025-04-13', 388, 13, 0, 0, 0, 6, 0, 0, 0, 0, 0, 0, 0, 0, 0, 0, 0, 0, 0, '2025-04-13 11:04:24'),
(575, 21, '2025-04-13', 169, 14, 0, 0, 0, 6, 0, 0, 0, 0, 0, 0, 0, 0, 0, 0, 0, 0, 0, '2025-04-13 11:04:49'),
(576, 21, '2025-04-13', 390, 15, 0, 0, 0, 5, 0, 0, 0, 0, 0, 0, 0, 0, 0, 0, 0, 0, 0, '2025-04-13 11:05:22'),
(577, 21, '2025-04-13', 391, 16, 0, 0, 0, 4, 0, 0, 0, 0, 0, 0, 0, 0, 0, 0, 0, 0, 0, '2025-04-13 11:05:55'),
(578, 21, '2025-04-13', 127, 17, 0, 0, 0, 4, 0, 0, 0, 0, 0, 0, 0, 0, 0, 0, 0, 0, 0, '2025-04-13 11:06:26'),
(579, 21, '2025-04-13', 392, 18, 0, 0, 0, 4, 0, 0, 0, 0, 0, 0, 0, 0, 0, 0, 0, 0, 0, '2025-04-13 11:06:49'),
(580, 21, '2025-04-13', 393, 19, 0, 0, 0, 4, 0, 0, 0, 0, 0, 0, 0, 0, 0, 0, 0, 0, 0, '2025-04-13 11:07:08'),
(581, 21, '2025-04-13', 242, 20, 0, 0, 0, 3, 0, 1, 1, 0, 0, 0, 0, 0, 0, 0, 0, 0, 0, '2025-04-13 11:07:51'),
(582, 21, '2025-04-13', 109, 21, 0, 0, 0, 3, 0, 0, 0, 0, 0, 0, 0, 0, 0, 0, 0, 0, 0, '2025-04-13 11:08:18'),
(583, 21, '2025-04-13', 110, 22, 0, 0, 0, 3, 0, 0, 0, 0, 0, 0, 0, 0, 0, 0, 0, 0, 0, '2025-04-13 11:08:38'),
(584, 21, '2025-04-13', 397, 23, 0, 0, 0, 2, 0, 4, 0, 0, 0, 0, 0, 0, 0, 0, 0, 0, 0, '2025-04-13 11:08:58'),
(585, 21, '2025-04-13', 398, 24, 0, 0, 0, 2, 0, 0, 0, 0, 0, 0, 0, 0, 0, 0, 0, 0, 0, '2025-04-13 11:09:15'),
(586, 21, '2025-04-13', 183, 25, 0, 0, 0, 2, 0, 0, 0, 0, 0, 0, 0, 0, 0, 0, 0, 0, 0, '2025-04-13 11:09:38'),
(587, 21, '2025-04-13', 400, 26, 0, 0, 0, 2, 0, 0, 0, 0, 0, 0, 0, 0, 0, 0, 0, 0, 0, '2025-04-13 11:10:16'),
(588, 21, '2025-04-13', 401, 27, 0, 0, 0, 2, 0, 0, 0, 0, 0, 0, 0, 0, 0, 0, 0, 0, 0, '2025-04-13 11:10:50'),
(589, 21, '2025-04-13', 402, 28, 0, 0, 0, 2, 0, 0, 0, 0, 0, 0, 0, 0, 0, 0, 0, 0, 0, '2025-04-13 11:11:27'),
(590, 21, '2025-04-13', 403, 29, 0, 0, 0, 2, 0, 0, 0, 0, 0, 0, 0, 0, 0, 0, 0, 0, 0, '2025-04-13 11:12:18'),
(591, 21, '2025-04-13', 404, 30, 0, 0, 0, 2, 0, 0, 0, 0, 0, 0, 0, 0, 0, 0, 0, 0, 0, '2025-04-13 11:12:51'),
(592, 21, '2025-04-13', 405, 31, 0, 0, 0, 2, 0, 0, 0, 0, 0, 0, 0, 0, 0, 0, 0, 0, 0, '2025-04-13 11:13:35'),
(593, 21, '2025-04-13', 186, 32, 0, 0, 0, 2, 0, 0, 0, 0, 0, 0, 0, 0, 0, 0, 0, 0, 0, '2025-04-13 11:13:55'),
(594, 21, '2025-04-13', 407, 33, 0, 0, 0, 2, 0, 0, 0, 0, 0, 0, 0, 0, 0, 0, 0, 0, 0, '2025-04-13 11:14:21'),
(595, 21, '2025-04-13', 408, 34, 0, 0, 0, 2, 0, 0, 0, 0, 0, 0, 0, 0, 0, 0, 0, 0, 0, '2025-04-13 11:14:49'),
(596, 21, '2025-04-13', 187, 35, 0, 0, 0, 2, 0, 0, 0, 0, 0, 0, 0, 0, 0, 0, 0, 0, 0, '2025-04-13 11:15:27'),
(597, 21, '2025-04-13', 410, 36, 0, 0, 0, 1, 0, 1, 1, 0, 0, 0, 0, 0, 0, 0, 0, 0, 0, '2025-04-13 11:16:12'),
(598, 21, '2025-04-13', 411, 37, 0, 0, 0, 1, 0, 0, 0, 0, 0, 0, 0, 0, 0, 0, 0, 0, 0, '2025-04-13 11:16:30'),
(599, 21, '2025-04-13', 412, 38, 0, 0, 0, 1, 0, 0, 0, 0, 0, 0, 0, 0, 0, 0, 0, 0, 0, '2025-04-13 11:17:04'),
(600, 21, '2025-04-13', 139, 39, 0, 0, 0, 0, 0, 5, 0, 0, 0, 0, 0, 0, 0, 0, 0, 0, 0, '2025-04-13 11:17:18'),
(601, 21, '2025-04-13', 270, 40, 0, 0, 0, 1, 0, 0, 0, 0, 0, 0, 0, 0, 0, 0, 0, 0, 0, '2025-04-13 11:17:45'),
(602, 21, '2025-04-13', 415, 41, 0, 0, 0, 1, 0, 0, 0, 0, 0, 0, 0, 0, 0, 0, 0, 0, 0, '2025-04-13 11:18:00'),
(603, 21, '2025-04-13', 416, 42, 0, 0, 0, 1, 0, 0, 0, 0, 0, 0, 0, 0, 0, 0, 0, 0, 0, '2025-04-13 11:18:27'),
(604, 21, '2025-04-13', 231, 43, 0, 0, 0, 1, 0, 0, 0, 0, 0, 0, 0, 0, 0, 0, 0, 0, 0, '2025-04-13 11:19:10'),
(606, 21, '2025-04-13', 418, 45, 0, 0, 0, 0, 1, 0, 0, 0, 0, 0, 0, 0, 0, 0, 0, 0, 0, '2025-04-13 11:20:19'),
(607, 21, '2025-04-13', 116, 46, 0, 0, 0, 0, 1, 0, 0, 0, 0, 0, 0, 0, 0, 0, 0, 0, 0, '2025-04-13 11:20:56'),
(608, 23, '2025-04-13', 420, 1, 0, 0, 0, 10, 0, 0, 0, 0, 0, 0, 0, 0, 0, 0, 0, 0, 0, '2025-04-13 11:25:32'),
(609, 23, '2025-04-13', 421, 2, 0, 0, 0, 6, 0, 0, 0, 0, 0, 0, 0, 0, 0, 0, 0, 0, 0, '2025-04-13 11:25:51'),
(610, 23, '2025-04-13', 422, 3, 0, 0, 0, 2, 0, 0, 0, 0, 0, 0, 0, 0, 0, 0, 0, 0, 0, '2025-04-13 11:26:14'),
(611, 23, '2025-04-13', 247, 4, 0, 0, 0, 1, 2, 1, 0, 0, 0, 0, 0, 0, 0, 0, 0, 0, 0, '2025-04-13 11:27:20'),
(612, 23, '2025-04-13', 423, 5, 0, 0, 0, 2, 0, 0, 0, 0, 0, 0, 0, 0, 0, 0, 0, 0, 0, '2025-04-13 11:28:02'),
(613, 23, '2025-04-13', 424, 6, 0, 0, 0, 2, 0, 0, 0, 0, 0, 0, 0, 0, 0, 0, 0, 0, 0, '2025-04-13 11:28:24'),
(614, 23, '2025-04-13', 425, 7, 0, 0, 0, 1, 0, 0, 0, 0, 0, 0, 0, 0, 0, 0, 0, 0, 0, '2025-04-13 11:28:45'),
(615, 22, '2025-04-13', 101, 1, 0, 0, 0, 3, 4, 27, 35, 109, 0, 102, 13, 0, 11, 0, 12, 0, 15, '2025-04-13 11:38:34'),
(616, 24, '2025-04-13', 101, 1, 0, 0, 0, 12, 12, 127, 56, 145, 1, 72, 14, 0, 9, 0, 19, 0, 8, '2025-04-13 11:48:37'),
(617, 14, '2025-04-13', 101, 1, 0, 0, 0, 6, 5, 46, 19, 25, 1, 15, 2, 0, 1, 0, 7, 0, 6, '2025-04-13 11:49:26'),
(618, 51, '2025-04-13', 101, 1, 0, 0, 0, 2, 0, 0, 0, 0, 0, 0, 0, 0, 0, 0, 0, 0, 0, '2025-04-13 11:50:03'),
(619, 21, '2025-04-20', 426, 1, 0, 0, 0, 10, 4, 2, 0, 0, 0, 0, 0, 0, 0, 0, 0, 0, 0, '2025-04-20 09:21:13'),
(620, 21, '2025-04-20', 427, 2, 0, 0, 0, 12, 0, 0, 0, 0, 0, 0, 0, 0, 0, 0, 0, 0, 0, '2025-04-20 09:21:46'),
(621, 21, '2025-04-20', 428, 3, 0, 0, 0, 10, 0, 0, 0, 0, 0, 0, 0, 0, 0, 0, 0, 0, 0, '2025-04-20 09:22:25'),
(622, 21, '2025-04-20', 429, 4, 0, 0, 0, 8, 0, 0, 0, 0, 0, 0, 0, 0, 0, 0, 0, 0, 0, '2025-04-20 09:22:58'),
(623, 21, '2025-04-20', 134, 5, 0, 0, 0, 8, 0, 0, 0, 0, 0, 0, 0, 0, 0, 0, 0, 0, 0, '2025-04-20 09:26:00'),
(624, 21, '2025-04-20', 160, 6, 0, 0, 0, 6, 0, 0, 0, 0, 0, 0, 0, 0, 0, 0, 0, 0, 0, '2025-04-20 09:26:39'),
(625, 21, '2025-04-20', 430, 7, 0, 0, 0, 6, 0, 0, 0, 0, 0, 0, 0, 0, 0, 0, 0, 0, 0, '2025-04-20 09:27:20'),
(626, 21, '2025-04-20', 333, 8, 0, 0, 0, 4, 0, 0, 0, 0, 0, 0, 0, 0, 0, 0, 0, 0, 0, '2025-04-20 09:27:59'),
(627, 21, '2025-04-20', 122, 9, 0, 0, 0, 4, 0, 0, 0, 0, 0, 0, 0, 0, 0, 0, 0, 0, 0, '2025-04-20 09:29:00'),
(628, 21, '2025-04-20', 124, 10, 0, 0, 0, 4, 0, 0, 0, 0, 0, 0, 0, 0, 0, 0, 0, 0, 0, '2025-04-20 09:29:43'),
(629, 21, '2025-04-20', 432, 11, 0, 0, 0, 3, 0, 0, 0, 0, 0, 0, 0, 0, 0, 0, 0, 0, 0, '2025-04-20 09:30:27'),
(630, 21, '2025-04-20', 433, 12, 0, 0, 0, 2, 0, 0, 0, 0, 0, 0, 0, 0, 0, 0, 0, 0, 0, '2025-04-20 09:31:20'),
(631, 21, '2025-04-20', 434, 13, 0, 0, 0, 2, 0, 0, 0, 0, 0, 0, 0, 0, 0, 0, 0, 0, 0, '2025-04-20 09:32:17'),
(632, 21, '2025-04-20', 191, 14, 0, 0, 0, 2, 0, 0, 0, 0, 0, 0, 0, 0, 0, 0, 0, 0, 0, '2025-04-20 09:32:59'),
(633, 21, '2025-04-20', 407, 15, 0, 0, 0, 1, 0, 0, 0, 0, 0, 0, 0, 0, 0, 0, 0, 0, 0, '2025-04-20 09:33:26'),
(634, 21, '2025-04-20', 436, 16, 0, 0, 0, 1, 0, 0, 0, 0, 0, 0, 0, 0, 0, 0, 0, 0, 0, '2025-04-20 09:34:16'),
(635, 21, '2025-04-20', 329, 17, 0, 0, 0, 1, 0, 0, 0, 0, 0, 0, 0, 0, 0, 0, 0, 0, 0, '2025-04-20 09:34:40'),
(636, 58, '2025-04-20', 437, 1, 0, 0, 0, 79, 52, 1, 0, 0, 0, 0, 0, 0, 0, 0, 0, 0, 0, '2025-04-20 09:41:11'),
(637, 23, '2025-04-20', 438, 1, 0, 0, 0, 20, 0, 0, 0, 0, 0, 0, 0, 0, 0, 0, 0, 0, 0, '2025-04-20 09:46:00'),
(638, 23, '2025-04-20', 439, 2, 0, 0, 0, 7, 0, 0, 0, 0, 0, 0, 0, 0, 0, 0, 0, 0, 0, '2025-04-20 09:46:31'),
(639, 23, '2025-04-20', 440, 3, 0, 0, 0, 6, 0, 0, 0, 0, 0, 0, 0, 0, 0, 0, 0, 0, 0, '2025-04-20 09:47:09'),
(640, 23, '2025-04-20', 430, 4, 0, 0, 0, 4, 0, 0, 0, 0, 0, 0, 0, 0, 0, 0, 0, 0, 0, '2025-04-20 09:47:44'),
(641, 23, '2025-04-20', 372, 5, 0, 0, 0, 4, 0, 0, 0, 0, 0, 0, 0, 0, 0, 0, 0, 0, 0, '2025-04-20 09:48:11'),
(642, 23, '2025-04-20', 121, 6, 0, 0, 0, 2, 0, 0, 0, 0, 0, 0, 0, 0, 0, 0, 0, 0, 0, '2025-04-20 09:48:46'),
(643, 23, '2025-04-20', 442, 7, 0, 0, 0, 2, 0, 0, 0, 0, 0, 0, 0, 0, 0, 0, 0, 0, 0, '2025-04-20 09:49:32'),
(644, 23, '2025-04-20', 443, 8, 0, 0, 0, 2, 0, 0, 0, 0, 0, 0, 0, 0, 0, 0, 0, 0, 0, '2025-04-20 09:50:03'),
(645, 23, '2025-04-20', 444, 9, 0, 0, 0, 2, 0, 0, 0, 0, 0, 0, 0, 0, 0, 0, 0, 0, 0, '2025-04-20 09:51:27'),
(646, 23, '2025-04-20', 302, 10, 0, 0, 0, 2, 0, 0, 0, 0, 0, 0, 0, 0, 0, 0, 0, 0, 0, '2025-04-20 09:51:40'),
(647, 23, '2025-04-20', 445, 11, 0, 0, 0, 2, 0, 0, 0, 0, 0, 0, 0, 0, 0, 0, 0, 0, 0, '2025-04-20 09:52:36'),
(648, 23, '2025-04-20', 446, 12, 0, 0, 0, 2, 0, 0, 0, 0, 0, 0, 0, 0, 0, 0, 0, 0, 0, '2025-04-20 09:53:09'),
(649, 23, '2025-04-20', 447, 13, 0, 0, 0, 2, 0, 0, 0, 0, 0, 0, 0, 0, 0, 0, 0, 0, 0, '2025-04-20 09:53:22'),
(650, 23, '2025-04-20', 95, 14, 0, 0, 0, 2, 0, 0, 0, 0, 0, 0, 0, 0, 0, 0, 0, 0, 0, '2025-04-20 09:53:44'),
(651, 23, '2025-04-20', 411, 15, 0, 0, 0, 2, 0, 0, 0, 0, 0, 0, 0, 0, 0, 0, 0, 0, 0, '2025-04-20 09:54:30'),
(652, 23, '2025-04-20', 448, 16, 0, 0, 0, 2, 0, 0, 0, 0, 0, 0, 0, 0, 0, 0, 0, 0, 0, '2025-04-20 09:54:45'),
(653, 23, '2025-04-20', 449, 17, 0, 0, 0, 2, 0, 0, 0, 0, 0, 0, 0, 0, 0, 0, 0, 0, 0, '2025-04-20 10:26:11'),
(654, 23, '2025-04-20', 450, 18, 0, 0, 0, 2, 0, 0, 0, 0, 0, 0, 0, 0, 0, 0, 0, 0, 0, '2025-04-20 10:26:47'),
(655, 23, '2025-04-20', 451, 19, 0, 0, 0, 2, 0, 0, 0, 0, 0, 0, 0, 0, 0, 0, 0, 0, 0, '2025-04-20 10:27:16'),
(656, 23, '2025-04-20', 100, 20, 0, 0, 0, 2, 0, 0, 0, 0, 0, 0, 0, 0, 0, 0, 0, 0, 0, '2025-04-20 10:27:30'),
(657, 23, '2025-04-20', 220, 21, 0, 0, 0, 1, 0, 0, 0, 0, 0, 0, 0, 0, 0, 0, 0, 0, 0, '2025-04-20 10:28:08'),
(658, 23, '2025-04-20', 100, 22, 0, 0, 0, 1, 0, 0, 0, 0, 0, 0, 0, 0, 0, 0, 0, 0, 0, '2025-04-20 10:28:21'),
(659, 23, '2025-04-20', 453, 23, 0, 0, 0, 1, 0, 0, 0, 0, 0, 0, 0, 0, 0, 0, 0, 0, 0, '2025-04-20 10:29:03'),
(660, 23, '2025-04-20', 454, 24, 0, 0, 0, 1, 0, 0, 0, 0, 0, 0, 0, 0, 0, 0, 0, 0, 0, '2025-04-20 10:29:59'),
(661, 23, '2025-04-20', 455, 25, 0, 0, 0, 1, 0, 0, 0, 0, 0, 0, 0, 0, 0, 0, 0, 0, 0, '2025-04-20 10:30:24'),
(662, 23, '2025-04-20', 456, 26, 0, 0, 0, 1, 0, 0, 0, 0, 0, 0, 0, 0, 0, 0, 0, 0, 0, '2025-04-20 10:30:55'),
(663, 23, '2025-04-20', 457, 27, 0, 0, 0, 1, 0, 0, 0, 0, 0, 0, 0, 0, 0, 0, 0, 0, 0, '2025-04-20 10:31:12'),
(664, 23, '2025-04-20', 458, 28, 0, 0, 0, 1, 0, 0, 0, 0, 0, 0, 0, 0, 0, 0, 0, 0, 0, '2025-04-20 10:31:34'),
(665, 23, '2025-04-20', 309, 29, 0, 0, 0, 1, 0, 0, 0, 0, 0, 0, 0, 0, 0, 0, 0, 0, 0, '2025-04-20 10:32:02'),
(666, 23, '2025-04-20', 459, 30, 0, 0, 0, 1, 0, 0, 0, 0, 0, 0, 0, 0, 0, 0, 0, 0, 0, '2025-04-20 10:32:40'),
(667, 22, '2025-04-20', 101, 1, 0, 0, 0, 6, 1, 28, 34, 105, 0, 89, 0, 0, 0, 0, 0, 0, 0, '2025-04-20 10:37:20'),
(668, 24, '2025-04-20', 101, 1, 0, 0, 0, 18, 21, 142, 69, 144, 0, 71, 0, 0, 0, 0, 0, 0, 0, '2025-04-20 10:45:01'),
(669, 59, '2025-04-20', 101, 1, 0, 0, 0, 32, 15, 164, 59, 150, 1, 62, 1, 0, 1, 0, 0, 0, 0, '2025-04-20 10:53:03'),
(670, 23, '2025-04-20', 425, 31, 0, 0, 0, 2, 0, 0, 0, 0, 0, 0, 0, 0, 0, 0, 0, 0, 0, '2025-04-20 12:04:59'),
(671, 23, '2025-04-20', 460, 32, 0, 0, 0, 1, 0, 0, 0, 0, 0, 0, 0, 0, 0, 0, 0, 0, 0, '2025-04-20 12:05:57'),
(672, 58, '2025-04-27', 300, 1, 337534, 300000, 0, 0, 0, 0, 0, 0, 0, 0, 0, 0, 0, 0, 0, 0, 0, '2025-04-27 07:56:03'),
(673, 21, '2025-04-27', 146, 1, 0, 0, 0, 20, 0, 0, 0, 0, 0, 0, 0, 0, 0, 0, 0, 0, 0, '2025-04-27 07:59:27'),
(674, 21, '2025-04-27', 442, 2, 0, 0, 0, 8, 0, 10, 0, 0, 0, 0, 0, 0, 0, 0, 0, 0, 0, '2025-04-27 07:59:58'),
(675, 21, '2025-04-27', 461, 3, 0, 0, 0, 8, 0, 0, 0, 0, 0, 0, 0, 0, 0, 0, 0, 0, 0, '2025-04-27 08:03:37'),
(676, 21, '2025-04-27', 462, 4, 0, 0, 0, 4, 0, 0, 0, 0, 0, 0, 0, 0, 0, 0, 0, 0, 0, '2025-04-27 08:04:27'),
(677, 60, '2025-04-27', 463, 1, 0, 0, 0, 20, 0, 0, 0, 0, 0, 0, 0, 0, 0, 0, 0, 0, 0, '2025-04-27 08:09:42'),
(678, 60, '2025-04-27', 133, 2, 0, 0, 0, 20, 0, 0, 0, 0, 0, 0, 0, 0, 0, 0, 0, 0, 0, '2025-04-27 08:12:13'),
(679, 60, '2025-04-27', 338, 3, 0, 0, 0, 10, 0, 0, 0, 0, 0, 0, 0, 0, 0, 0, 0, 0, 0, '2025-04-27 08:14:16'),
(680, 24, '2025-04-27', 101, 1, 0, 0, 0, 7, 6, 101, 52, 85, 0, 52, 14, 0, 4, 0, 4, 0, 3, '2025-04-27 08:15:20'),
(681, 60, '2025-04-27', 203, 4, 0, 0, 0, 2, 0, 0, 0, 0, 0, 0, 0, 0, 0, 0, 0, 0, 0, '2025-04-27 08:16:28'),
(682, 60, '2025-04-27', 466, 5, 0, 0, 0, 1, 0, 0, 0, 0, 0, 0, 0, 0, 0, 0, 0, 0, 0, '2025-04-27 08:17:18'),
(683, 23, '2025-04-27', 275, 1, 0, 0, 0, 4, 0, 0, 0, 0, 0, 0, 0, 0, 0, 0, 0, 0, 0, '2025-04-27 08:18:37'),
(684, 23, '2025-04-27', 467, 2, 0, 0, 0, 2, 0, 0, 0, 0, 0, 0, 0, 0, 0, 0, 0, 0, 0, '2025-04-27 08:19:14'),
(685, 23, '2025-04-27', 293, 3, 0, 0, 0, 0, 3, 4, 0, 0, 0, 0, 0, 0, 0, 0, 0, 0, 0, '2025-04-27 08:23:46'),
(686, 23, '2025-04-27', 469, 4, 0, 0, 0, 2, 0, 0, 0, 0, 0, 0, 0, 0, 0, 0, 0, 0, 0, '2025-04-27 08:24:43'),
(687, 60, '2025-04-27', 470, 6, 0, 0, 0, 10, 0, 0, 0, 0, 0, 0, 0, 0, 0, 0, 0, 0, 0, '2025-04-27 08:25:57'),
(688, 60, '2025-04-27', 344, 7, 0, 0, 0, 3, 0, 1, 0, 0, 0, 0, 0, 0, 0, 0, 0, 0, 0, '2025-04-27 08:29:00'),
(689, 60, '2025-04-27', 471, 8, 0, 0, 0, 0, 0, 0, 20, 0, 0, 0, 0, 0, 0, 0, 0, 0, 0, '2025-04-27 08:33:10'),
(691, 23, '2025-04-27', 472, 6, 0, 0, 0, 2, 0, 0, 0, 0, 0, 0, 0, 0, 0, 0, 0, 0, 0, '2025-04-27 08:40:39'),
(692, 14, '2025-04-27', 101, 1, 0, 0, 0, 2, 4, 25, 14, 21, 0, 11, 1, 0, 1, 0, 3, 0, 3, '2025-04-27 08:43:58'),
(693, 22, '2025-04-27', 101, 1, 0, 0, 0, 3, 4, 21, 27, 86, 1, 65, 15, 0, 8, 0, 9, 0, 7, '2025-04-27 08:44:41'),
(694, 23, '2025-04-27', 461, 7, 0, 0, 0, 2, 0, 0, 0, 0, 0, 0, 0, 0, 0, 0, 0, 0, 0, '2025-04-27 08:45:47'),
(695, 23, '2025-04-27', 249, 8, 0, 0, 0, 2, 0, 0, 0, 0, 0, 0, 0, 0, 0, 0, 0, 0, 0, '2025-04-27 08:46:44'),
(696, 23, '2025-04-27', 473, 9, 0, 0, 0, 1, 0, 0, 0, 0, 0, 0, 0, 0, 0, 0, 0, 0, 0, '2025-04-27 08:47:08'),
(697, 23, '2025-04-27', 474, 10, 0, 0, 0, 1, 0, 0, 0, 0, 0, 0, 0, 0, 0, 0, 0, 0, 0, '2025-04-27 08:48:03'),
(698, 23, '2025-04-27', 475, 11, 0, 0, 0, 0, 0, 1, 0, 0, 0, 0, 0, 0, 0, 0, 0, 0, 0, '2025-04-27 08:48:43'),
(699, 13, '2025-04-27', 470, 1, 0, 0, 0, 4, 0, 0, 0, 0, 0, 0, 0, 0, 0, 0, 0, 0, 0, '2025-04-27 08:49:44'),
(700, 13, '2025-04-27', 470, 2, 0, 0, 0, 3, 0, 0, 0, 0, 0, 0, 0, 0, 0, 0, 0, 0, 0, '2025-04-27 08:50:34'),
(701, 13, '2025-04-27', 100, 3, 0, 0, 0, 0, 0, 1, 0, 0, 0, 0, 0, 0, 0, 0, 0, 0, 0, '2025-04-27 08:50:48'),
(702, 11, '2025-04-27', 476, 1, 0, 0, 0, 4, 0, 0, 0, 0, 0, 0, 0, 0, 0, 0, 0, 0, 0, '2025-04-27 08:53:34'),
(703, 11, '2025-04-27', 477, 2, 0, 0, 0, 4, 0, 0, 0, 0, 0, 0, 0, 0, 0, 0, 0, 0, 0, '2025-04-27 08:54:13'),
(704, 11, '2025-04-27', 478, 3, 0, 0, 0, 2, 0, 0, 0, 0, 0, 0, 0, 0, 0, 0, 0, 0, 0, '2025-04-27 08:54:53'),
(705, 11, '2025-04-27', 479, 4, 0, 0, 0, 2, 0, 0, 0, 0, 0, 0, 0, 0, 0, 0, 0, 0, 0, '2025-04-27 08:55:50'),
(706, 52, '2025-04-27', 101, 1, 0, 0, 0, 0, 0, 5, 9, 20, 0, 12, 0, 0, 9, 0, 0, 0, 4, '2025-04-27 08:57:55'),
(707, 50, '2025-04-27', 101, 1, 0, 0, 0, 1, 1, 2, 2, 2, 0, 2, 4, 0, 0, 0, 0, 0, 0, '2025-04-27 09:25:38'),
(708, 14, '2025-05-04', 101, 1, 0, 0, 0, 8, 7, 42, 16, 18, 0, 9, 1, 0, 2, 0, 0, 0, 0, '2025-05-04 09:03:50'),
(709, 13, '2025-05-04', 300, 1, 0, 0, 0, 8, 0, 0, 0, 0, 0, 0, 0, 0, 0, 0, 0, 0, 0, '2025-05-04 09:16:25'),
(710, 13, '2025-05-04', 100, 2, 0, 0, 0, 2, 0, 0, 0, 0, 0, 0, 0, 0, 0, 0, 0, 0, 0, '2025-05-04 09:16:36'),
(711, 13, '2025-05-04', 100, 3, 0, 0, 0, 2, 0, 0, 0, 0, 0, 0, 0, 0, 0, 0, 0, 0, 0, '2025-05-04 09:17:33'),
(712, 13, '2025-05-04', 482, 4, 0, 0, 0, 1, 0, 0, 0, 0, 0, 0, 0, 0, 0, 0, 0, 0, 0, '2025-05-04 09:18:31'),
(713, 23, '2025-05-04', 483, 1, 0, 0, 0, 6, 0, 0, 0, 0, 0, 0, 0, 0, 0, 0, 0, 0, 0, '2025-05-04 09:22:56'),
(714, 23, '2025-05-04', 93, 2, 0, 0, 0, 6, 0, 0, 0, 0, 0, 0, 0, 0, 0, 0, 0, 0, 0, '2025-05-04 09:24:05'),
(715, 23, '2025-05-04', 353, 3, 0, 0, 0, 4, 0, 0, 0, 0, 0, 0, 0, 0, 0, 0, 0, 0, 0, '2025-05-04 09:25:04'),
(716, 23, '2025-05-04', 484, 4, 0, 0, 0, 2, 0, 0, 0, 0, 0, 0, 0, 0, 0, 0, 0, 0, 0, '2025-05-04 09:25:52'),
(717, 23, '2025-05-04', 485, 5, 0, 0, 0, 2, 0, 0, 0, 0, 0, 0, 0, 0, 0, 0, 0, 0, 0, '2025-05-04 09:26:43'),
(718, 23, '2025-05-04', 486, 6, 0, 0, 0, 2, 0, 0, 0, 0, 0, 0, 0, 0, 0, 0, 0, 0, 0, '2025-05-04 09:27:57'),
(719, 23, '2025-05-04', 326, 7, 0, 0, 0, 1, 0, 0, 0, 0, 0, 0, 0, 0, 0, 0, 0, 0, 0, '2025-05-04 09:28:57'),
(720, 23, '2025-05-04', 487, 8, 0, 0, 0, 1, 0, 0, 0, 0, 0, 0, 0, 0, 0, 0, 0, 0, 0, '2025-05-04 09:29:25'),
(721, 23, '2025-05-04', 488, 9, 0, 0, 0, 1, 0, 0, 0, 0, 0, 0, 0, 0, 0, 0, 0, 0, 0, '2025-05-04 09:31:09'),
(722, 23, '2025-05-04', 150, 10, 0, 0, 0, 1, 0, 0, 0, 0, 0, 0, 0, 0, 0, 0, 0, 0, 0, '2025-05-04 09:32:02'),
(723, 23, '2025-05-04', 276, 11, 0, 0, 0, 0, 0, 3, 0, 0, 0, 0, 0, 0, 0, 0, 0, 0, 1, '2025-05-04 09:33:04'),
(724, 21, '2025-05-04', 100, 1, 0, 0, 0, 38, 0, 2, 0, 0, 0, 0, 0, 0, 0, 0, 0, 0, 0, '2025-05-04 09:38:38'),
(725, 21, '2025-05-04', 380, 2, 0, 0, 0, 35, 0, 0, 0, 0, 0, 0, 0, 0, 0, 0, 0, 0, 0, '2025-05-04 09:39:15'),
(726, 21, '2025-05-04', 288, 3, 0, 0, 0, 34, 0, 0, 0, 0, 0, 0, 0, 0, 0, 0, 0, 0, 0, '2025-05-04 09:39:48'),
(727, 21, '2025-05-04', 216, 4, 713003, 15000, 0, 0, 0, 0, 0, 0, 0, 0, 0, 0, 0, 0, 0, 0, 0, '2025-05-04 09:40:37'),
(728, 21, '2025-05-04', 104, 5, 0, 0, 0, 30, 0, 0, 0, 0, 0, 0, 0, 0, 0, 0, 0, 0, 0, '2025-05-04 09:41:09'),
(729, 21, '2025-05-04', 148, 6, 0, 0, 0, 20, 0, 3, 0, 0, 0, 0, 0, 0, 0, 0, 0, 0, 0, '2025-05-04 09:41:38'),
(730, 21, '2025-05-04', 489, 7, 110817, 8000, 0, 0, 0, 0, 0, 0, 0, 0, 0, 0, 0, 0, 0, 0, 0, '2025-05-04 09:42:46'),
(731, 21, '2025-05-04', 291, 8, 22697, 7000, 0, 0, 0, 0, 0, 0, 0, 0, 0, 0, 0, 0, 0, 0, 0, '2025-05-04 09:43:16'),
(732, 21, '2025-05-04', 154, 9, 0, 0, 0, 10, 0, 10, 0, 0, 0, 0, 0, 0, 0, 0, 0, 0, 0, '2025-05-04 09:43:34'),
(733, 21, '2025-05-04', 153, 10, 0, 0, 0, 10, 0, 0, 0, 0, 0, 0, 0, 0, 0, 0, 0, 0, 0, '2025-05-04 09:44:09'),
(734, 21, '2025-05-04', 152, 11, 0, 0, 0, 10, 0, 0, 0, 0, 0, 0, 0, 0, 0, 0, 0, 0, 0, '2025-05-04 09:44:46'),
(735, 21, '2025-05-04', 490, 12, 0, 0, 0, 10, 0, 0, 0, 0, 0, 0, 0, 0, 0, 0, 0, 0, 0, '2025-05-04 09:45:57'),
(736, 21, '2025-05-04', 294, 13, 0, 0, 0, 10, 0, 0, 0, 0, 0, 0, 0, 0, 0, 0, 0, 0, 0, '2025-05-04 09:46:50'),
(737, 21, '2025-05-04', 295, 14, 0, 0, 0, 10, 0, 0, 0, 0, 0, 0, 0, 0, 0, 0, 0, 0, 0, '2025-05-04 09:47:18'),
(738, 21, '2025-05-04', 439, 15, 0, 0, 0, 10, 0, 0, 0, 0, 0, 0, 0, 0, 0, 0, 0, 0, 0, '2025-05-04 09:47:56'),
(739, 21, '2025-05-04', 385, 16, 0, 0, 0, 9, 1, 0, 0, 0, 0, 0, 0, 0, 0, 0, 0, 0, 0, '2025-05-04 09:48:22'),
(740, 21, '2025-05-04', 155, 17, 0, 0, 0, 9, 0, 0, 0, 0, 0, 0, 0, 0, 0, 0, 0, 0, 0, '2025-05-04 09:48:47'),
(741, 21, '2025-05-04', 491, 18, 0, 0, 0, 8, 0, 0, 0, 0, 0, 0, 0, 0, 0, 0, 0, 0, 0, '2025-05-04 09:50:12'),
(742, 21, '2025-05-04', 302, 19, 477326, 3500, 0, 0, 0, 0, 0, 0, 0, 0, 0, 0, 0, 0, 0, 0, 0, '2025-05-04 09:51:00'),
(743, 21, '2025-05-04', 241, 20, 0, 0, 0, 6, 0, 0, 0, 0, 0, 0, 0, 0, 0, 0, 0, 0, 0, '2025-05-04 09:51:57'),
(744, 21, '2025-05-04', 160, 21, 0, 0, 0, 6, 0, 0, 0, 0, 0, 0, 0, 0, 0, 0, 0, 0, 0, '2025-05-04 09:52:22'),
(745, 21, '2025-05-04', 161, 22, 0, 0, 0, 6, 0, 0, 0, 0, 0, 0, 0, 0, 0, 0, 0, 0, 0, '2025-05-04 09:52:40'),
(746, 21, '2025-05-04', 354, 23, 0, 0, 0, 5, 0, 0, 0, 0, 0, 0, 0, 0, 0, 0, 0, 0, 0, '2025-05-04 09:53:01'),
(747, 21, '2025-05-04', 167, 24, 0, 0, 0, 5, 0, 0, 0, 0, 0, 0, 0, 0, 0, 0, 0, 0, 0, '2025-05-04 09:54:24'),
(748, 21, '2025-05-04', 170, 25, 0, 0, 0, 5, 0, 0, 0, 0, 0, 0, 0, 0, 0, 0, 0, 0, 0, '2025-05-04 09:54:43'),
(749, 21, '2025-05-04', 492, 26, 0, 0, 0, 5, 0, 0, 0, 0, 0, 0, 0, 0, 0, 0, 0, 0, 0, '2025-05-04 09:55:20'),
(750, 21, '2025-05-04', 313, 27, 0, 0, 0, 4, 0, 0, 0, 0, 0, 0, 0, 0, 0, 0, 0, 0, 0, '2025-05-04 09:58:14'),
(751, 21, '2025-05-04', 127, 28, 0, 0, 0, 4, 0, 0, 0, 0, 0, 0, 0, 0, 0, 0, 0, 0, 0, '2025-05-04 10:20:21'),
(752, 21, '2025-05-04', 265, 29, 0, 0, 0, 4, 0, 0, 0, 0, 0, 0, 0, 0, 0, 0, 0, 0, 0, '2025-05-04 10:21:14'),
(753, 21, '2025-05-04', 314, 30, 0, 0, 0, 4, 0, 0, 0, 0, 0, 0, 0, 0, 0, 0, 0, 0, 0, '2025-05-04 10:22:22'),
(754, 21, '2025-05-04', 128, 31, 0, 0, 0, 4, 0, 0, 0, 0, 0, 0, 0, 0, 0, 0, 0, 0, 0, '2025-05-04 10:22:45'),
(755, 21, '2025-05-04', 175, 32, 0, 0, 0, 3, 2, 1, 0, 0, 0, 0, 0, 0, 0, 0, 0, 0, 0, '2025-05-04 10:24:32'),
(756, 21, '2025-05-04', 173, 33, 0, 0, 0, 4, 0, 0, 0, 0, 0, 0, 0, 0, 0, 0, 0, 0, 0, '2025-05-04 10:24:51'),
(757, 21, '2025-05-04', 176, 34, 0, 0, 0, 3, 0, 2, 0, 0, 0, 0, 0, 0, 0, 0, 0, 0, 1, '2025-05-04 10:25:34'),
(758, 21, '2025-05-04', 397, 35, 0, 0, 0, 3, 0, 0, 0, 0, 0, 0, 0, 0, 0, 0, 0, 0, 0, '2025-05-04 10:25:54'),
(759, 21, '2025-05-04', 493, 36, 0, 0, 0, 3, 0, 0, 0, 0, 0, 0, 0, 0, 0, 0, 0, 0, 0, '2025-05-04 10:26:30'),
(760, 21, '2025-05-04', 190, 37, 0, 0, 0, 2, 0, 0, 0, 0, 0, 0, 0, 0, 0, 0, 0, 0, 0, '2025-05-04 10:27:41'),
(761, 21, '2025-05-04', 494, 38, 0, 0, 0, 2, 0, 0, 0, 0, 0, 0, 0, 0, 0, 0, 0, 0, 0, '2025-05-04 10:28:17'),
(762, 21, '2025-05-04', 403, 39, 0, 0, 0, 2, 0, 0, 0, 0, 0, 0, 0, 0, 0, 0, 0, 0, 0, '2025-05-04 10:28:34'),
(763, 21, '2025-05-04', 319, 40, 0, 0, 0, 2, 0, 0, 0, 0, 0, 0, 0, 0, 0, 0, 0, 0, 0, '2025-05-04 10:29:00'),
(764, 21, '2025-05-04', 495, 41, 0, 0, 0, 2, 0, 0, 0, 0, 0, 0, 0, 0, 0, 0, 0, 0, 0, '2025-05-04 10:29:41'),
(765, 21, '2025-05-04', 139, 42, 0, 0, 0, 2, 0, 0, 0, 0, 0, 0, 0, 0, 0, 0, 0, 0, 0, '2025-05-04 10:30:37'),
(766, 21, '2025-05-04', 318, 43, 0, 0, 0, 2, 0, 0, 0, 0, 0, 0, 0, 0, 0, 0, 0, 0, 0, '2025-05-04 10:30:58'),
(767, 21, '2025-05-04', 121, 44, 0, 0, 0, 2, 0, 0, 0, 0, 0, 0, 0, 0, 0, 0, 0, 0, 0, '2025-05-04 10:31:22'),
(768, 21, '2025-05-04', 188, 45, 0, 0, 0, 2, 0, 0, 0, 0, 0, 0, 0, 0, 0, 0, 0, 0, 0, '2025-05-04 10:31:42'),
(769, 21, '2025-05-04', 496, 46, 0, 0, 0, 1, 0, 1, 0, 0, 0, 0, 0, 0, 0, 0, 0, 0, 0, '2025-05-04 10:32:26'),
(770, 21, '2025-05-04', 497, 47, 0, 0, 0, 1, 0, 0, 0, 0, 0, 0, 0, 0, 0, 0, 0, 0, 0, '2025-05-04 10:33:01'),
(771, 21, '2025-05-04', 498, 48, 0, 0, 0, 1, 0, 0, 0, 0, 0, 0, 0, 0, 0, 0, 0, 0, 0, '2025-05-04 10:33:57'),
(772, 21, '2025-05-04', 498, 49, 0, 0, 0, 1, 0, 0, 0, 0, 0, 0, 0, 0, 0, 0, 0, 0, 0, '2025-05-04 10:35:36'),
(773, 21, '2025-05-04', 189, 50, 0, 0, 0, 2, 0, 0, 0, 0, 0, 0, 0, 0, 0, 0, 0, 0, 0, '2025-05-04 10:36:04'),
(774, 21, '2025-05-04', 498, 51, 0, 0, 0, 1, 0, 0, 0, 0, 0, 0, 0, 0, 0, 0, 0, 0, 0, '2025-05-04 10:36:32'),
(775, 21, '2025-05-04', 244, 52, 0, 0, 0, 1, 0, 0, 0, 0, 0, 0, 0, 0, 0, 0, 0, 0, 0, '2025-05-04 10:38:10'),
(776, 21, '2025-05-04', 232, 53, 0, 0, 0, 1, 0, 0, 0, 0, 0, 0, 0, 0, 0, 0, 0, 0, 0, '2025-05-04 10:38:37'),
(777, 21, '2025-05-04', 325, 54, 0, 0, 0, 1, 0, 0, 0, 0, 0, 0, 0, 0, 0, 0, 0, 0, 0, '2025-05-04 10:38:54'),
(778, 21, '2025-05-04', 201, 55, 0, 0, 0, 1, 0, 0, 0, 0, 0, 0, 0, 0, 0, 0, 0, 0, 0, '2025-05-04 10:39:23'),
(779, 21, '2025-05-04', 498, 56, 0, 0, 0, 1, 0, 0, 0, 0, 0, 0, 0, 0, 0, 0, 0, 0, 0, '2025-05-04 10:39:52'),
(780, 21, '2025-05-04', 499, 57, 0, 0, 0, 1, 0, 0, 0, 0, 0, 0, 0, 0, 0, 0, 0, 0, 0, '2025-05-04 10:40:36'),
(781, 21, '2025-05-04', 500, 58, 0, 0, 0, 1, 0, 0, 0, 0, 0, 0, 0, 0, 0, 0, 0, 0, 0, '2025-05-04 10:41:18'),
(782, 21, '2025-05-04', 206, 59, 0, 0, 0, 1, 0, 0, 0, 0, 0, 0, 0, 0, 0, 0, 0, 0, 0, '2025-05-04 10:41:28'),
(783, 21, '2025-05-04', 207, 60, 0, 0, 0, 0, 1, 0, 0, 0, 0, 0, 0, 0, 0, 0, 0, 0, 0, '2025-05-04 10:41:56'),
(784, 24, '2025-05-04', 101, 1, 0, 0, 0, 11, 9, 88, 43, 74, 0, 43, 4, 0, 7, 0, 2, 0, 3, '2025-05-04 10:47:00'),
(785, 22, '2025-05-04', 101, 1, 0, 0, 0, 3, 6, 30, 20, 86, 0, 49, 7, 0, 7, 0, 14, 0, 2, '2025-05-04 10:48:23'),
(786, 60, '2025-05-04', 501, 1, 0, 0, 0, 12, 0, 0, 0, 0, 0, 0, 0, 0, 0, 0, 0, 0, 0, '2025-05-04 10:50:00'),
(788, 53, '2025-05-04', 101, 1, 0, 0, 0, 0, 0, 5, 2, 6, 0, 2, 0, 0, 0, 0, 0, 0, 0, '2025-05-04 10:55:45'),
(789, 58, '2025-05-04', 241, 1, 0, 0, 0, 5, 0, 5, 0, 0, 0, 0, 0, 0, 0, 0, 0, 0, 0, '2025-05-04 10:57:04'),
(790, 58, '2025-05-04', 128, 2, 0, 0, 0, 400, 0, 0, 0, 0, 0, 0, 0, 0, 0, 0, 0, 0, 0, '2025-05-04 10:57:26'),
(791, 58, '2025-05-04', 1, 3, 20321, 100000, 0, 0, 0, 0, 0, 0, 0, 0, 0, 0, 0, 0, 0, 0, 0, '2025-05-04 10:58:31'),
(792, 60, '2025-05-04', 95, 2, 0, 0, 0, 9, 0, 5, 0, 0, 0, 0, 0, 0, 0, 0, 0, 0, 0, '2025-05-04 11:04:30'),
(793, 60, '2025-05-04', 152, 3, 0, 0, 0, 10, 0, 0, 0, 0, 0, 0, 0, 0, 0, 0, 0, 0, 0, '2025-05-04 11:04:50'),
(794, 60, '2025-05-04', 502, 4, 0, 0, 0, 10, 0, 0, 0, 0, 0, 0, 0, 0, 0, 0, 0, 0, 0, '2025-05-04 11:05:33'),
(795, 60, '2025-05-04', 503, 5, 0, 0, 0, 10, 0, 0, 0, 0, 0, 0, 0, 0, 0, 0, 0, 0, 0, '2025-05-04 11:06:29'),
(796, 60, '2025-05-04', 489, 6, 110818, 5000, 0, 0, 0, 0, 0, 0, 0, 0, 0, 0, 0, 0, 0, 0, 0, '2025-05-04 11:07:31'),
(797, 60, '2025-05-04', 504, 7, 0, 0, 0, 10, 0, 0, 0, 0, 0, 0, 0, 0, 0, 0, 0, 0, 0, '2025-05-04 11:07:58'),
(798, 60, '2025-05-04', 505, 8, 0, 0, 0, 6, 0, 0, 0, 0, 0, 0, 0, 0, 0, 0, 0, 0, 0, '2025-05-04 11:09:42'),
(799, 60, '2025-05-04', 506, 9, 0, 0, 0, 5, 0, 0, 0, 0, 0, 0, 0, 0, 0, 0, 0, 0, 0, '2025-05-04 11:12:19'),
(800, 60, '2025-05-04', 150, 10, 0, 0, 0, 4, 0, 0, 0, 0, 0, 0, 0, 0, 0, 0, 0, 0, 0, '2025-05-04 11:12:32'),
(801, 60, '2025-05-04', 270, 11, 0, 0, 0, 3, 0, 0, 0, 0, 0, 0, 0, 0, 0, 0, 0, 0, 0, '2025-05-04 11:12:56'),
(802, 60, '2025-05-04', 276, 12, 0, 0, 0, 2, 0, 0, 0, 0, 0, 0, 0, 0, 0, 0, 0, 0, 1, '2025-05-04 11:13:42'),
(803, 60, '2025-05-04', 320, 13, 0, 0, 0, 2, 0, 0, 0, 0, 0, 0, 0, 0, 0, 0, 0, 0, 0, '2025-05-04 11:14:03'),
(804, 60, '2025-05-04', 466, 14, 0, 0, 0, 1, 0, 0, 0, 0, 0, 0, 0, 0, 0, 0, 0, 0, 0, '2025-05-04 11:14:21'),
(805, 60, '2025-05-04', 100, 15, 0, 0, 0, 1, 0, 0, 0, 0, 0, 0, 0, 0, 0, 0, 0, 0, 0, '2025-05-04 11:14:59'),
(806, 60, '2025-05-04', 507, 16, 0, 0, 0, 10, 0, 0, 0, 0, 0, 0, 0, 0, 0, 0, 0, 0, 0, '2025-05-04 11:16:00'),
(807, 11, '2025-05-04', 508, 1, 0, 0, 0, 36, 0, 0, 0, 0, 0, 0, 0, 0, 0, 0, 0, 0, 0, '2025-05-04 11:20:45'),
(808, 11, '2025-05-04', 337, 2, 0, 0, 0, 16, 0, 1, 0, 0, 0, 0, 0, 0, 0, 0, 0, 0, 0, '2025-05-04 11:21:08'),
(809, 11, '2025-05-04', 256, 3, 0, 0, 0, 13, 1, 1, 0, 0, 0, 0, 0, 0, 0, 0, 0, 0, 0, '2025-05-04 11:22:12'),
(810, 11, '2025-05-04', 339, 4, 0, 0, 0, 10, 0, 0, 0, 0, 0, 0, 0, 0, 0, 0, 0, 0, 0, '2025-05-04 11:22:36'),
(811, 11, '2025-05-04', 340, 5, 0, 0, 0, 8, 0, 0, 0, 0, 0, 0, 0, 0, 0, 0, 0, 0, 0, '2025-05-04 11:22:57'),
(812, 11, '2025-05-04', 366, 6, 22747, 4000, 0, 0, 0, 0, 0, 0, 0, 0, 0, 0, 0, 0, 0, 0, 0, '2025-05-04 11:23:30'),
(813, 11, '2025-05-04', 509, 7, 0, 0, 0, 6, 0, 0, 0, 0, 0, 0, 0, 0, 0, 0, 0, 0, 0, '2025-05-04 11:24:24'),
(814, 11, '2025-05-04', 159, 8, 0, 0, 0, 6, 0, 0, 0, 0, 0, 0, 0, 0, 0, 0, 0, 0, 0, '2025-05-04 11:24:40'),
(815, 11, '2025-05-04', 343, 9, 0, 0, 0, 5, 0, 0, 0, 0, 0, 0, 0, 0, 0, 0, 0, 0, 0, '2025-05-04 11:25:02'),
(816, 11, '2025-05-04', 510, 10, 0, 0, 0, 4, 0, 0, 0, 0, 0, 0, 0, 0, 0, 0, 0, 0, 0, '2025-05-04 11:25:44'),
(817, 11, '2025-05-04', 511, 11, 0, 0, 0, 4, 0, 0, 0, 0, 0, 0, 0, 0, 0, 0, 0, 0, 0, '2025-05-04 11:27:42'),
(818, 11, '2025-05-04', 255, 12, 0, 0, 0, 3, 0, 0, 0, 0, 0, 0, 0, 0, 0, 0, 0, 0, 0, '2025-05-04 11:27:59'),
(819, 11, '2025-05-04', 179, 13, 0, 0, 0, 2, 0, 0, 0, 0, 0, 0, 0, 0, 0, 0, 0, 0, 0, '2025-05-04 11:28:50'),
(820, 11, '2025-05-04', 412, 14, 0, 0, 0, 2, 0, 0, 0, 0, 0, 0, 0, 0, 0, 0, 0, 0, 0, '2025-05-04 11:29:48'),
(821, 11, '2025-05-04', 184, 15, 0, 0, 0, 1, 0, 5, 0, 0, 0, 0, 0, 0, 0, 0, 0, 0, 0, '2025-05-04 11:31:00'),
(822, 56, '2025-05-04', 101, 1, 0, 0, 0, 2, 3, 20, 17, 20, 0, 10, 3, 0, 3, 0, 4, 0, 1, '2025-05-04 11:45:13'),
(823, 53, '2025-05-18', 101, 1, 0, 0, 0, 0, 0, 2, 4, 8, 0, 1, 0, 0, 0, 0, 0, 0, 0, '2025-05-18 07:31:54'),
(824, 52, '2025-05-18', 101, 1, 0, 0, 0, 0, 0, 7, 9, 18, 0, 6, 4, 0, 1, 0, 3, 0, 2, '2025-05-18 07:41:09'),
(825, 58, '2025-05-18', 94, 1, 0, 0, 0, 60, 0, 0, 0, 0, 0, 0, 0, 0, 0, 0, 0, 0, 0, '2025-05-18 07:47:10'),
(826, 58, '2025-05-18', 466, 2, 0, 0, 0, 2, 0, 0, 0, 0, 0, 0, 0, 0, 0, 0, 0, 0, 0, '2025-05-18 07:47:50'),
(827, 21, '2025-05-18', 279, 1, 0, 0, 0, 19, 0, 5, 0, 0, 0, 0, 0, 0, 0, 0, 0, 0, 0, '2025-05-18 08:01:53'),
(828, 21, '2025-05-18', 512, 2, 0, 0, 0, 18, 0, 0, 0, 0, 0, 0, 0, 0, 0, 0, 0, 0, 0, '2025-05-18 08:02:48'),
(829, 21, '2025-05-18', 513, 3, 0, 0, 0, 12, 0, 10, 0, 0, 0, 0, 0, 0, 0, 0, 0, 0, 0, '2025-05-18 08:03:50'),
(830, 21, '2025-05-18', 296, 4, 0, 0, 0, 10, 0, 0, 0, 0, 0, 0, 0, 0, 0, 0, 0, 0, 0, '2025-05-18 08:04:34'),
(831, 21, '2025-05-18', 386, 5, 0, 0, 0, 5, 0, 15, 0, 0, 0, 0, 0, 0, 0, 0, 0, 0, 0, '2025-05-18 08:05:06'),
(832, 21, '2025-05-18', 157, 6, 0, 0, 0, 7, 1, 1, 0, 0, 0, 0, 0, 0, 0, 0, 0, 0, 0, '2025-05-18 08:05:37'),
(833, 21, '2025-05-18', 310, 7, 0, 0, 0, 5, 0, 3, 0, 0, 0, 0, 0, 0, 0, 0, 0, 0, 0, '2025-05-18 08:06:04'),
(834, 21, '2025-05-18', 311, 8, 0, 0, 0, 5, 0, 2, 0, 0, 0, 0, 0, 0, 0, 0, 0, 0, 0, '2025-05-18 08:07:28'),
(835, 21, '2025-05-18', 168, 9, 0, 0, 0, 5, 0, 0, 1, 0, 0, 0, 0, 0, 0, 0, 0, 0, 0, '2025-05-18 08:08:01'),
(836, 21, '2025-05-18', 477, 10, 0, 0, 0, 4, 0, 0, 0, 0, 0, 0, 0, 0, 0, 0, 0, 0, 0, '2025-05-18 08:08:50'),
(837, 21, '2025-05-18', 195, 11, 0, 0, 0, 2, 0, 0, 0, 0, 0, 0, 0, 0, 0, 0, 0, 0, 0, '2025-05-18 08:10:17'),
(838, 21, '2025-05-18', 462, 12, 0, 0, 0, 2, 0, 0, 0, 0, 0, 0, 0, 0, 0, 0, 0, 0, 0, '2025-05-18 08:10:39'),
(839, 21, '2025-05-18', 405, 13, 0, 0, 0, 2, 0, 0, 0, 0, 0, 0, 0, 0, 0, 0, 0, 0, 0, '2025-05-18 08:11:05'),
(840, 21, '2025-05-18', 400, 14, 0, 0, 0, 2, 0, 0, 0, 0, 0, 0, 0, 0, 0, 0, 0, 0, 0, '2025-05-18 08:11:54'),
(841, 21, '2025-05-18', 112, 15, 0, 0, 0, 1, 0, 0, 0, 0, 0, 0, 0, 0, 0, 0, 0, 0, 0, '2025-05-18 08:12:30'),
(842, 21, '2025-05-18', 329, 16, 0, 0, 0, 1, 0, 0, 0, 0, 0, 0, 0, 0, 0, 0, 0, 0, 0, '2025-05-18 08:12:51'),
(843, 21, '2025-05-18', 230, 17, 0, 0, 0, 1, 0, 0, 0, 0, 0, 0, 0, 0, 0, 0, 0, 0, 0, '2025-05-18 08:13:27'),
(844, 21, '2025-05-18', 514, 18, 0, 0, 0, 1, 0, 0, 0, 0, 0, 0, 0, 0, 0, 0, 0, 0, 0, '2025-05-18 08:14:11'),
(845, 58, '2025-05-18', 512, 3, 0, 0, 0, 42, 0, 2, 0, 0, 0, 0, 0, 0, 0, 0, 0, 0, 0, '2025-05-18 08:15:43'),
(846, 24, '2025-05-18', 101, 1, 0, 0, 0, 13, 4, 80, 52, 86, 1, 1, 5, 0, 6, 0, 2, 0, 10, '2025-05-18 08:17:49'),
(847, 13, '2025-05-18', 369, 1, 0, 0, 0, 2, 0, 0, 0, 0, 0, 0, 0, 0, 0, 0, 0, 0, 0, '2025-05-18 08:20:09'),
(848, 11, '2025-05-18', 515, 1, 0, 0, 0, 6, 0, 0, 0, 0, 0, 0, 0, 0, 0, 0, 0, 0, 0, '2025-05-18 08:21:22'),
(849, 11, '2025-05-18', 516, 2, 0, 0, 0, 4, 0, 0, 0, 0, 0, 0, 0, 0, 0, 0, 0, 0, 0, '2025-05-18 08:22:01'),
(850, 11, '2025-05-18', 181, 3, 0, 0, 0, 2, 1, 0, 0, 0, 0, 0, 0, 0, 0, 0, 0, 0, 0, '2025-05-18 08:22:46'),
(851, 11, '2025-05-18', 115, 4, 0, 0, 0, 2, 0, 0, 0, 0, 0, 0, 0, 0, 0, 0, 0, 0, 0, '2025-05-18 08:23:54'),
(852, 23, '2025-05-18', 517, 1, 0, 0, 0, 10, 0, 0, 0, 0, 0, 0, 0, 0, 0, 0, 0, 0, 0, '2025-05-18 08:24:47'),
(853, 23, '2025-05-18', 518, 2, 0, 0, 0, 10, 0, 0, 0, 0, 0, 0, 0, 0, 0, 0, 0, 0, 0, '2025-05-18 08:25:47'),
(854, 23, '2025-05-18', 100, 3, 0, 0, 0, 10, 0, 0, 0, 0, 0, 0, 0, 0, 0, 0, 0, 0, 0, '2025-05-18 08:26:12'),
(855, 23, '2025-05-18', 352, 4, 0, 0, 0, 6, 0, 0, 0, 0, 0, 0, 0, 0, 0, 0, 0, 0, 0, '2025-05-18 08:27:29'),
(856, 23, '2025-05-18', 519, 5, 0, 0, 0, 6, 0, 0, 0, 0, 0, 0, 0, 0, 0, 0, 0, 0, 0, '2025-05-18 08:28:14'),
(857, 23, '2025-05-18', 462, 6, 0, 0, 0, 4, 0, 0, 0, 0, 0, 0, 0, 0, 0, 0, 0, 0, 0, '2025-05-18 08:28:36'),
(858, 23, '2025-05-18', 520, 7, 0, 0, 0, 2, 0, 0, 0, 0, 0, 0, 0, 0, 0, 0, 0, 0, 0, '2025-05-18 08:28:56'),
(859, 23, '2025-05-18', 497, 8, 0, 0, 0, 1, 0, 0, 0, 0, 0, 0, 0, 0, 0, 0, 0, 0, 0, '2025-05-18 08:29:12'),
(860, 23, '2025-05-18', 358, 9, 0, 0, 0, 1, 0, 0, 0, 0, 0, 0, 0, 0, 0, 0, 0, 0, 0, '2025-05-18 08:29:56'),
(861, 23, '2025-05-18', 168, 10, 0, 0, 0, 1, 0, 0, 0, 0, 0, 0, 0, 0, 0, 0, 0, 0, 0, '2025-05-18 08:30:13'),
(862, 23, '2025-05-18', 359, 11, 0, 0, 0, 1, 0, 0, 0, 0, 0, 0, 0, 0, 0, 0, 0, 0, 0, '2025-05-18 08:31:06'),
(863, 22, '2025-05-18', 101, 1, 0, 0, 0, 2, 1, 29, 25, 81, 0, 14, 8, 0, 9, 0, 5, 0, 6, '2025-05-18 08:37:39'),
(864, 14, '2025-05-18', 101, 1, 0, 0, 0, 14, 3, 31, 10, 18, 0, 14, 2, 0, 0, 0, 0, 0, 0, '2025-05-18 08:40:58'),
(865, 53, '2025-05-25', 101, 1, 0, 0, 0, 0, 0, 3, 3, 9, 0, 1, 0, 0, 0, 0, 0, 0, 0, '2025-05-25 07:32:25'),
(866, 52, '2025-05-25', 101, 1, 0, 0, 0, 0, 0, 7, 4, 20, 0, 11, 2, 0, 0, 0, 0, 0, 0, '2025-05-25 07:36:45'),
(867, 11, '2025-05-25', 363, 1, 0, 0, 0, 8, 5, 0, 0, 0, 0, 0, 0, 0, 0, 0, 0, 0, 0, '2025-05-25 07:53:00'),
(868, 11, '2025-05-25', 177, 2, 0, 0, 0, 4, 0, 0, 0, 0, 0, 0, 0, 0, 0, 0, 0, 0, 0, '2025-05-25 07:53:35'),
(869, 11, '2025-05-25', 443, 3, 0, 0, 0, 2, 0, 0, 0, 0, 0, 0, 0, 0, 0, 0, 0, 0, 0, '2025-05-25 07:54:42'),
(870, 11, '2025-05-25', 100, 4, 0, 0, 0, 2, 0, 0, 0, 0, 0, 0, 0, 0, 0, 0, 0, 0, 0, '2025-05-25 07:54:56'),
(871, 11, '2025-05-25', 338, 5, 0, 0, 0, 1, 0, 0, 0, 0, 0, 0, 0, 0, 0, 0, 0, 0, 0, '2025-05-25 07:55:21'),
(872, 23, '2025-05-25', 521, 1, 0, 0, 0, 6, 0, 0, 0, 0, 0, 0, 0, 0, 0, 0, 0, 0, 0, '2025-05-25 08:02:31'),
(873, 23, '2025-05-25', 120, 2, 0, 0, 0, 4, 0, 0, 0, 0, 0, 0, 0, 0, 0, 0, 0, 0, 0, '2025-05-25 08:03:17'),
(874, 23, '2025-05-25', 522, 3, 0, 0, 0, 4, 0, 0, 0, 0, 0, 0, 0, 0, 0, 0, 0, 0, 0, '2025-05-25 08:04:26'),
(875, 23, '2025-05-25', 306, 4, 0, 0, 0, 1, 0, 5, 0, 0, 0, 0, 0, 0, 0, 0, 0, 0, 0, '2025-05-25 08:05:12'),
(876, 23, '2025-05-25', 209, 5, 0, 0, 0, 2, 0, 0, 0, 0, 0, 0, 0, 0, 0, 0, 0, 0, 0, '2025-05-25 08:06:30'),
(877, 23, '2025-05-25', 523, 6, 0, 0, 0, 2, 0, 0, 0, 0, 0, 0, 0, 0, 0, 0, 0, 0, 0, '2025-05-25 08:08:22'),
(878, 23, '2025-05-25', 524, 7, 0, 0, 0, 2, 0, 0, 0, 0, 0, 0, 0, 0, 0, 0, 0, 0, 0, '2025-05-25 08:10:04'),
(879, 23, '2025-05-25', 213, 8, 0, 0, 0, 1, 0, 5, 0, 0, 0, 0, 0, 0, 0, 0, 0, 0, 0, '2025-05-25 08:10:44'),
(880, 23, '2025-05-25', 525, 9, 0, 0, 0, 2, 0, 0, 0, 0, 0, 0, 0, 0, 0, 0, 0, 0, 0, '2025-05-25 08:12:08'),
(881, 23, '2025-05-25', 251, 10, 0, 0, 0, 1, 0, 0, 0, 0, 0, 0, 0, 0, 0, 0, 0, 0, 0, '2025-05-25 08:13:06'),
(882, 23, '2025-05-25', 425, 11, 0, 0, 0, 1, 0, 0, 0, 0, 0, 0, 0, 0, 0, 0, 0, 0, 0, '2025-05-25 08:13:36'),
(883, 23, '2025-05-25', 526, 12, 0, 0, 0, 1, 0, 0, 0, 0, 0, 0, 0, 0, 0, 0, 0, 0, 0, '2025-05-25 08:15:17'),
(884, 23, '2025-05-25', 404, 13, 0, 0, 0, 1, 0, 0, 0, 0, 0, 0, 0, 0, 0, 0, 0, 0, 0, '2025-05-25 08:15:40'),
(885, 23, '2025-05-25', 527, 14, 0, 0, 0, 0, 1, 0, 2, 0, 0, 0, 0, 0, 0, 0, 0, 0, 0, '2025-05-25 08:16:41'),
(886, 24, '2025-05-25', 101, 1, 0, 0, 0, 9, 0, 104, 53, 85, 1, 50, 14, 0, 9, 0, 3, 0, 2, '2025-05-25 08:20:15'),
(887, 21, '2025-05-25', 381, 1, 0, 0, 0, 30, 0, 0, 0, 0, 0, 0, 0, 0, 0, 0, 0, 0, 0, '2025-05-25 08:21:36'),
(888, 21, '2025-05-25', 293, 2, 0, 0, 0, 6, 7, 6, 0, 0, 0, 0, 0, 0, 0, 0, 0, 0, 0, '2025-05-25 08:23:29'),
(889, 21, '2025-05-25', 528, 3, 0, 0, 0, 10, 0, 0, 0, 0, 0, 0, 0, 0, 0, 0, 0, 0, 0, '2025-05-25 08:24:28'),
(890, 21, '2025-05-25', 307, 4, 0, 0, 0, 6, 0, 0, 0, 0, 0, 0, 0, 0, 0, 0, 0, 0, 0, '2025-05-25 08:24:48'),
(891, 21, '2025-05-25', 479, 5, 0, 0, 0, 6, 0, 0, 0, 0, 0, 0, 0, 0, 0, 0, 0, 0, 0, '2025-05-25 08:26:14'),
(892, 21, '2025-05-25', 96, 6, 0, 0, 0, 6, 0, 0, 0, 0, 0, 0, 0, 0, 0, 0, 0, 0, 0, '2025-05-25 08:26:48'),
(893, 21, '2025-05-25', 393, 7, 0, 0, 0, 4, 0, 0, 0, 0, 0, 0, 0, 0, 0, 0, 0, 0, 0, '2025-05-25 08:27:40'),
(894, 21, '2025-05-25', 529, 8, 0, 0, 0, 4, 0, 0, 0, 0, 0, 0, 0, 0, 0, 0, 0, 0, 0, '2025-05-25 08:29:38'),
(895, 21, '2025-05-25', 529, 9, 0, 0, 0, 4, 0, 0, 0, 0, 0, 0, 0, 0, 0, 0, 0, 0, 0, '2025-05-25 08:29:52'),
(896, 21, '2025-05-25', 397, 10, 0, 0, 0, 3, 0, 2, 0, 0, 0, 0, 0, 0, 0, 0, 0, 0, 0, '2025-05-25 08:30:18'),
(897, 21, '2025-05-25', 530, 11, 0, 0, 0, 2, 0, 0, 0, 0, 0, 0, 0, 0, 0, 0, 0, 0, 0, '2025-05-25 08:31:03'),
(898, 21, '2025-05-25', 334, 12, 0, 0, 0, 1, 0, 0, 0, 0, 0, 0, 0, 0, 0, 0, 0, 0, 0, '2025-05-25 08:31:23'),
(899, 21, '2025-05-25', 336, 13, 0, 0, 0, 0, 1, 1, 0, 0, 0, 0, 0, 0, 0, 0, 0, 0, 0, '2025-05-25 08:31:43'),
(900, 21, '2025-05-25', 531, 14, 0, 0, 0, 0, 1, 0, 0, 0, 0, 0, 0, 0, 0, 0, 0, 0, 0, '2025-05-25 08:32:38'),
(901, 58, '2025-05-25', 251, 1, 0, 0, 0, 100, 0, 0, 0, 0, 0, 0, 0, 0, 0, 0, 0, 0, 0, '2025-05-25 08:33:57'),
(902, 58, '2025-05-25', 368, 2, 0, 0, 0, 50, 0, 0, 0, 0, 0, 0, 0, 0, 0, 0, 0, 0, 0, '2025-05-25 08:34:20'),
(903, 58, '2025-05-25', 522, 3, 0, 0, 0, 20, 0, 0, 0, 0, 0, 0, 0, 0, 0, 0, 0, 0, 0, '2025-05-25 08:34:47'),
(904, 58, '2025-05-25', 199, 4, 0, 0, 0, 19, 2, 1, 0, 0, 0, 0, 0, 0, 0, 0, 0, 0, 0, '2025-05-25 08:35:31'),
(905, 22, '2025-05-25', 101, 1, 0, 0, 0, 4, 0, 27, 15, 79, 1, 66, 15, 0, 13, 0, 14, 0, 9, '2025-05-25 08:37:22'),
(906, 14, '2025-05-25', 101, 1, 0, 0, 0, 4, 3, 34, 8, 19, 0, 9, 0, 0, 3, 0, 5, 0, 0, '2025-05-25 08:48:00'),
(907, 21, '2025-05-25', 532, 15, 0, 0, 0, 6, 0, 0, 0, 0, 0, 0, 0, 0, 0, 0, 0, 0, 0, '2025-05-25 09:12:39'),
(908, 21, '2025-05-25', 533, 16, 0, 0, 0, 4, 0, 0, 0, 0, 0, 0, 0, 0, 0, 0, 0, 0, 0, '2025-05-25 09:13:24'),
(909, 23, '2025-05-25', 285, 15, 0, 0, 0, 2, 0, 0, 0, 0, 0, 0, 0, 0, 0, 0, 0, 0, 0, '2025-05-25 09:15:16'),
(910, 56, '2025-05-25', 101, 1, 0, 0, 0, 9, 5, 8, 6, 7, 0, 3, 1, 0, 0, 0, 3, 0, 2, '2025-05-25 09:16:23'),
(911, 11, '2025-06-01', 251, 1, 0, 0, 0, 47, 0, 0, 0, 0, 0, 0, 0, 0, 0, 0, 0, 0, 0, '2025-06-01 08:16:24'),
(912, 11, '2025-06-01', 256, 2, 0, 0, 0, 17, 0, 0, 0, 0, 0, 0, 0, 0, 0, 0, 0, 0, 0, '2025-06-01 08:18:10'),
(913, 11, '2025-06-01', 337, 3, 0, 0, 0, 11, 0, 0, 0, 0, 0, 0, 0, 0, 0, 0, 0, 0, 0, '2025-06-01 08:29:19'),
(914, 11, '2025-06-01', 339, 4, 0, 0, 0, 10, 0, 0, 0, 0, 0, 0, 0, 0, 0, 0, 0, 0, 0, '2025-06-01 08:30:48'),
(915, 11, '2025-06-01', 534, 5, 0, 0, 0, 7, 0, 5, 0, 0, 0, 0, 0, 0, 0, 0, 0, 0, 0, '2025-06-01 08:35:52'),
(916, 11, '2025-06-01', 535, 6, 0, 0, 0, 7, 0, 0, 0, 0, 0, 0, 0, 0, 0, 0, 0, 0, 0, '2025-06-01 08:37:25'),
(917, 11, '2025-06-01', 342, 7, 0, 0, 0, 6, 0, 0, 0, 0, 0, 0, 0, 0, 0, 0, 0, 0, 0, '2025-06-01 08:39:57'),
(918, 11, '2025-06-01', 159, 8, 0, 0, 0, 6, 0, 0, 0, 0, 0, 0, 0, 0, 0, 0, 0, 0, 0, '2025-06-01 08:41:30'),
(919, 11, '2025-06-01', 260, 9, 0, 0, 0, 1, 1, 13, 0, 0, 0, 0, 0, 0, 0, 0, 0, 0, 0, '2025-06-01 08:42:27'),
(920, 11, '2025-06-01', 346, 10, 0, 0, 0, 4, 0, 0, 0, 0, 0, 0, 0, 0, 0, 0, 0, 0, 0, '2025-06-01 08:44:33'),
(921, 11, '2025-06-01', 344, 11, 0, 0, 0, 4, 0, 0, 0, 0, 0, 0, 0, 0, 0, 0, 0, 0, 0, '2025-06-01 08:45:32'),
(922, 11, '2025-06-01', 255, 12, 0, 0, 0, 3, 0, 0, 0, 0, 0, 0, 0, 0, 0, 0, 0, 0, 0, '2025-06-01 08:47:21'),
(923, 11, '2025-06-01', 365, 13, 0, 0, 0, 1, 0, 5, 0, 0, 0, 0, 0, 0, 0, 0, 0, 0, 0, '2025-06-01 08:48:22'),
(924, 11, '2025-06-01', 412, 14, 0, 0, 0, 2, 0, 0, 0, 0, 0, 0, 0, 0, 0, 0, 0, 0, 0, '2025-06-01 08:52:24'),
(925, 11, '2025-06-01', 179, 15, 0, 0, 0, 2, 0, 0, 0, 0, 0, 0, 0, 0, 0, 0, 0, 0, 0, '2025-06-01 08:52:58'),
(926, 11, '2025-06-01', 536, 16, 0, 0, 0, 2, 0, 0, 0, 0, 0, 0, 0, 0, 0, 0, 0, 0, 0, '2025-06-01 08:54:44'),
(927, 11, '2025-06-01', 367, 17, 0, 0, 0, 1, 0, 0, 0, 0, 0, 0, 0, 0, 0, 0, 0, 0, 0, '2025-06-01 08:57:37'),
(928, 11, '2025-06-01', 369, 18, 0, 0, 0, 1, 0, 0, 0, 0, 0, 0, 0, 0, 0, 0, 0, 0, 0, '2025-06-01 08:58:06'),
(929, 11, '2025-06-01', 482, 19, 0, 0, 0, 1, 0, 0, 0, 0, 0, 0, 0, 0, 0, 0, 0, 0, 0, '2025-06-01 08:59:13'),
(930, 13, '2025-06-01', 537, 1, 0, 0, 0, 20, 0, 0, 0, 0, 0, 0, 0, 0, 0, 0, 0, 0, 0, '2025-06-01 09:01:21'),
(932, 22, '2025-06-01', 101, 1, 0, 0, 0, 1, 1, 27, 25, 91, 2, 73, 6, 0, 15, 0, 23, 0, 6, '2025-06-01 09:13:57'),
(933, 24, '2025-06-01', 101, 1, 0, 0, 0, 21, 10, 122, 50, 74, 0, 19, 11, 0, 8, 0, 6, 0, 2, '2025-06-01 09:17:57'),
(934, 14, '2025-06-01', 101, 1, 0, 0, 0, 4, 6, 39, 9, 17, 0, 9, 3, 0, 6, 0, 0, 0, 0, '2025-06-01 09:21:32'),
(935, 21, '2025-06-01', 538, 1, 0, 0, 0, 60, 0, 0, 0, 0, 0, 0, 0, 0, 0, 0, 0, 0, 0, '2025-06-01 09:23:40'),
(936, 21, '2025-06-01', 104, 2, 0, 0, 0, 30, 0, 0, 0, 0, 0, 0, 0, 0, 0, 0, 0, 0, 0, '2025-06-01 09:23:57'),
(937, 53, '2025-06-01', 101, 1, 0, 0, 0, 0, 0, 3, 2, 7, 0, 1, 0, 0, 0, 0, 0, 0, 0, '2025-06-01 09:24:49'),
(938, 21, '2025-06-01', 289, 3, 0, 0, 0, 20, 0, 0, 0, 0, 0, 0, 0, 0, 0, 0, 0, 0, 0, '2025-06-01 09:25:14'),
(939, 21, '2025-06-01', 147, 4, 0, 0, 0, 16, 0, 0, 0, 0, 0, 0, 0, 0, 0, 0, 0, 0, 0, '2025-06-01 09:25:31'),
(940, 21, '2025-06-01', 291, 5, 22698, 7000, 0, 0, 0, 0, 0, 0, 0, 0, 0, 0, 0, 0, 0, 0, 0, '2025-06-01 09:26:00'),
(941, 21, '2025-06-01', 150, 6, 0, 0, 0, 14, 0, 0, 0, 0, 0, 0, 0, 0, 0, 0, 0, 0, 0, '2025-06-01 09:26:16'),
(942, 21, '2025-06-01', 539, 7, 0, 0, 0, 11, 0, 0, 0, 0, 0, 0, 0, 0, 0, 0, 0, 0, 0, '2025-06-01 09:26:58'),
(943, 21, '2025-06-01', 105, 8, 0, 0, 0, 10, 0, 0, 0, 0, 0, 0, 0, 0, 0, 0, 0, 0, 0, '2025-06-01 09:27:23'),
(944, 21, '2025-06-01', 151, 9, 0, 0, 0, 10, 0, 0, 0, 0, 0, 0, 0, 0, 0, 0, 0, 0, 0, '2025-06-01 09:28:05'),
(945, 21, '2025-06-01', 118, 10, 0, 0, 0, 10, 0, 0, 0, 0, 0, 0, 0, 0, 0, 0, 0, 0, 0, '2025-06-01 09:28:49'),
(946, 21, '2025-06-01', 540, 11, 0, 0, 0, 10, 0, 0, 0, 0, 0, 0, 0, 0, 0, 0, 0, 0, 0, '2025-06-01 09:30:21'),
(947, 21, '2025-06-01', 152, 12, 0, 0, 0, 10, 0, 0, 0, 0, 0, 0, 0, 0, 0, 0, 0, 0, 0, '2025-06-01 09:31:24'),
(948, 21, '2025-06-01', 385, 13, 0, 0, 0, 9, 0, 2, 0, 0, 0, 0, 0, 0, 0, 0, 0, 0, 0, '2025-06-01 09:31:50'),
(949, 21, '2025-06-01', 541, 14, 0, 0, 0, 8, 0, 0, 0, 0, 0, 0, 0, 0, 0, 0, 0, 0, 0, '2025-06-01 09:33:14'),
(950, 21, '2025-06-01', 158, 15, 0, 0, 0, 7, 0, 0, 0, 0, 0, 0, 0, 0, 0, 0, 0, 0, 0, '2025-06-01 09:33:31'),
(951, 21, '2025-06-01', 220, 16, 0, 0, 0, 7, 0, 0, 0, 0, 0, 0, 0, 0, 0, 0, 0, 0, 0, '2025-06-01 09:34:14'),
(952, 21, '2025-06-01', 220, 17, 0, 0, 0, 7, 0, 0, 0, 0, 0, 0, 0, 0, 0, 0, 0, 0, 0, '2025-06-01 09:34:31'),
(953, 21, '2025-06-01', 171, 18, 0, 0, 0, 0, 0, 32, 0, 0, 0, 0, 0, 0, 0, 0, 0, 0, 0, '2025-06-01 09:36:21'),
(954, 21, '2025-06-01', 160, 19, 0, 0, 0, 6, 0, 0, 0, 0, 0, 0, 0, 0, 0, 0, 0, 0, 0, '2025-06-01 09:36:37'),
(955, 21, '2025-06-01', 239, 20, 0, 0, 0, 6, 0, 0, 0, 0, 0, 0, 0, 0, 0, 0, 0, 0, 0, '2025-06-01 09:36:51'),
(956, 21, '2025-06-01', 96, 21, 0, 0, 0, 6, 0, 0, 0, 0, 0, 0, 0, 0, 0, 0, 0, 0, 0, '2025-06-01 09:38:41'),
(957, 50, '2025-06-01', 101, 1, 0, 0, 0, 0, 1, 6, 3, 7, 0, 12, 2, 0, 1, 0, 1, 0, 0, '2025-06-01 09:41:44'),
(958, 21, '2025-06-01', 391, 22, 0, 0, 0, 6, 0, 0, 0, 0, 0, 0, 0, 0, 0, 0, 0, 0, 0, '2025-06-01 09:42:49'),
(959, 21, '2025-06-01', 170, 23, 0, 0, 0, 5, 0, 0, 0, 0, 0, 0, 0, 0, 0, 0, 0, 0, 0, '2025-06-01 09:43:06'),
(960, 21, '2025-06-01', 167, 24, 0, 0, 0, 4, 0, 0, 0, 0, 0, 0, 0, 0, 0, 0, 0, 0, 0, '2025-06-01 09:43:27'),
(961, 21, '2025-06-01', 132, 25, 0, 0, 0, 4, 0, 1, 0, 0, 0, 1, 0, 0, 1, 0, 0, 0, 1, '2025-06-01 09:44:18'),
(962, 21, '2025-06-01', 172, 26, 0, 0, 0, 4, 0, 0, 0, 0, 0, 0, 0, 0, 0, 0, 0, 0, 0, '2025-06-01 09:48:25'),
(963, 21, '2025-06-01', 354, 27, 0, 0, 0, 4, 0, 0, 0, 0, 0, 0, 0, 0, 0, 0, 0, 0, 0, '2025-06-01 09:48:46'),
(964, 21, '2025-06-01', 313, 28, 0, 0, 0, 4, 0, 0, 0, 0, 0, 0, 0, 0, 0, 0, 0, 0, 0, '2025-06-01 09:49:31'),
(965, 21, '2025-06-01', 430, 29, 0, 0, 0, 4, 0, 0, 0, 0, 0, 0, 0, 0, 0, 0, 0, 0, 0, '2025-06-01 09:50:10'),
(967, 21, '2025-06-01', 127, 31, 0, 0, 0, 4, 0, 0, 0, 0, 0, 0, 0, 0, 0, 0, 0, 0, 0, '2025-06-01 09:51:27'),
(968, 21, '2025-06-01', 173, 32, 0, 0, 0, 4, 0, 0, 0, 0, 0, 0, 0, 0, 0, 0, 0, 0, 0, '2025-06-01 09:51:49'),
(969, 21, '2025-06-01', 315, 33, 0, 0, 0, 4, 0, 0, 0, 0, 0, 0, 0, 0, 0, 0, 0, 0, 0, '2025-06-01 09:52:23'),
(970, 21, '2025-06-01', 176, 34, 0, 0, 0, 3, 1, 0, 0, 0, 0, 1, 0, 0, 0, 0, 0, 0, 1, '2025-06-01 09:52:56'),
(971, 21, '2025-06-01', 242, 35, 0, 0, 0, 3, 0, 1, 1, 0, 0, 0, 0, 0, 0, 0, 0, 0, 0, '2025-06-01 09:53:22'),
(972, 21, '2025-06-01', 355, 36, 0, 0, 0, 3, 0, 0, 0, 0, 0, 0, 0, 0, 0, 0, 0, 0, 0, '2025-06-01 09:53:53'),
(973, 21, '2025-06-01', 401, 37, 0, 0, 0, 2, 0, 0, 0, 0, 0, 0, 0, 0, 0, 0, 0, 0, 0, '2025-06-01 09:55:40'),
(974, 21, '2025-06-01', 347, 38, 0, 0, 0, 2, 0, 0, 0, 0, 0, 0, 0, 0, 0, 0, 0, 0, 0, '2025-06-01 09:56:12'),
(975, 21, '2025-06-01', 278, 39, 0, 0, 0, 2, 0, 0, 0, 0, 0, 0, 0, 0, 0, 0, 0, 0, 0, '2025-06-01 09:56:29'),
(976, 21, '2025-06-01', 403, 40, 0, 0, 0, 2, 0, 0, 0, 0, 0, 0, 0, 0, 0, 0, 0, 0, 0, '2025-06-01 09:56:44'),
(977, 21, '2025-06-01', 542, 41, 0, 0, 0, 2, 0, 0, 0, 0, 0, 0, 0, 0, 0, 0, 0, 0, 0, '2025-06-01 09:57:44'),
(979, 52, '2025-06-01', 101, 1, 0, 0, 0, 1, 0, 4, 8, 12, 0, 8, 3, 0, 0, 0, 0, 0, 0, '2025-06-01 10:00:56'),
(980, 58, '2025-06-01', 537, 1, 0, 0, 0, 80, 0, 0, 0, 0, 0, 0, 0, 0, 0, 0, 0, 0, 0, '2025-06-01 10:01:22'),
(981, 58, '2025-06-01', 543, 2, 0, 0, 0, 2, 0, 0, 0, 0, 0, 0, 0, 0, 0, 0, 0, 0, 0, '2025-06-01 10:02:43'),
(982, 21, '2025-06-01', 544, 42, 0, 0, 0, 2, 0, 0, 0, 0, 0, 0, 0, 0, 0, 0, 0, 0, 0, '2025-06-01 10:04:09'),
(983, 21, '2025-06-01', 320, 43, 0, 0, 0, 2, 0, 0, 0, 0, 0, 0, 0, 0, 0, 0, 0, 0, 0, '2025-06-01 10:08:42'),
(984, 21, '2025-06-01', 188, 44, 0, 0, 0, 2, 0, 0, 0, 0, 0, 0, 0, 0, 0, 0, 0, 0, 0, '2025-06-01 10:08:58'),
(985, 21, '2025-06-01', 189, 45, 0, 0, 0, 2, 0, 0, 0, 0, 0, 0, 0, 0, 0, 0, 0, 0, 0, '2025-06-01 10:09:20'),
(986, 21, '2025-06-01', 529, 46, 0, 0, 0, 2, 0, 0, 0, 0, 0, 0, 0, 0, 0, 0, 0, 0, 0, '2025-06-01 10:09:56'),
(987, 21, '2025-06-01', 545, 47, 0, 0, 0, 1, 0, 0, 0, 0, 0, 0, 0, 0, 0, 0, 0, 0, 0, '2025-06-01 10:10:37'),
(988, 21, '2025-06-01', 324, 48, 0, 0, 0, 1, 0, 0, 0, 0, 0, 0, 0, 0, 0, 0, 0, 0, 0, '2025-06-01 10:17:57'),
(989, 21, '2025-06-01', 232, 49, 0, 0, 0, 1, 0, 0, 0, 0, 0, 0, 0, 0, 0, 0, 0, 0, 0, '2025-06-01 10:18:16'),
(990, 21, '2025-06-01', 202, 50, 0, 0, 0, 1, 0, 0, 0, 0, 0, 0, 0, 0, 0, 0, 0, 0, 0, '2025-06-01 10:19:22'),
(991, 21, '2025-06-01', 522, 51, 0, 0, 0, 1, 0, 0, 0, 0, 0, 0, 0, 0, 0, 0, 0, 0, 0, '2025-06-01 10:20:06'),
(992, 21, '2025-06-01', 197, 52, 0, 0, 0, 1, 0, 0, 0, 0, 0, 0, 0, 0, 0, 0, 0, 0, 0, '2025-06-01 10:21:59'),
(993, 21, '2025-06-01', 204, 53, 0, 0, 0, 1, 0, 0, 0, 0, 0, 0, 0, 0, 0, 0, 0, 0, 0, '2025-06-01 10:22:48'),
(994, 21, '2025-06-01', 418, 54, 0, 0, 0, 0, 0, 3, 0, 0, 0, 0, 0, 0, 0, 0, 0, 0, 0, '2025-06-01 10:23:37'),
(995, 23, '2025-06-01', 546, 1, 0, 0, 0, 19, 2, 1, 0, 0, 0, 0, 0, 0, 0, 0, 0, 0, 0, '2025-06-01 10:34:51'),
(996, 23, '2025-06-01', 547, 2, 0, 0, 0, 6, 0, 0, 0, 0, 0, 0, 0, 0, 0, 0, 0, 0, 0, '2025-06-01 10:35:52'),
(997, 23, '2025-06-01', 207, 3, 0, 0, 0, 4, 0, 0, 0, 0, 0, 0, 0, 0, 0, 0, 0, 0, 0, '2025-06-01 10:38:16'),
(998, 23, '2025-06-01', 548, 4, 0, 0, 0, 3, 1, 3, 0, 0, 0, 0, 0, 0, 0, 0, 0, 0, 0, '2025-06-01 10:39:40'),
(999, 23, '2025-06-01', 549, 5, 0, 0, 0, 2, 0, 0, 0, 0, 0, 0, 0, 0, 0, 0, 0, 0, 0, '2025-06-01 10:40:16'),
(1000, 23, '2025-06-01', 318, 6, 0, 0, 0, 2, 0, 0, 0, 0, 0, 0, 0, 0, 0, 0, 0, 0, 0, '2025-06-01 10:41:45'),
(1001, 23, '2025-06-01', 249, 7, 0, 0, 0, 2, 0, 0, 0, 0, 0, 0, 0, 0, 0, 0, 0, 0, 0, '2025-06-01 10:42:06'),
(1002, 23, '2025-06-01', 96, 8, 0, 0, 0, 2, 0, 0, 0, 0, 0, 0, 0, 0, 0, 0, 0, 0, 0, '2025-06-01 10:42:22'),
(1003, 23, '2025-06-01', 127, 9, 0, 0, 0, 2, 0, 0, 0, 0, 0, 0, 0, 0, 0, 0, 0, 0, 0, '2025-06-01 10:43:07'),
(1004, 23, '2025-06-01', 326, 10, 0, 0, 0, 1, 0, 0, 0, 0, 0, 0, 0, 0, 0, 0, 0, 0, 0, '2025-06-01 10:45:32'),
(1005, 23, '2025-06-01', 276, 11, 0, 0, 0, 0, 0, 4, 0, 0, 0, 1, 0, 0, 0, 0, 0, 0, 1, '2025-06-01 10:46:31'),
(1006, 13, '2025-06-08', 550, 1, 0, 0, 0, 6, 0, 0, 0, 0, 0, 0, 0, 0, 0, 0, 0, 0, 0, '2025-06-08 07:41:37'),
(1007, 11, '2025-06-08', 376, 1, 0, 0, 0, 10, 0, 0, 0, 0, 0, 0, 0, 0, 0, 0, 0, 0, 0, '2025-06-08 07:42:51'),
(1008, 11, '2025-06-08', 363, 2, 0, 0, 0, 10, 0, 0, 0, 0, 0, 0, 0, 0, 0, 0, 0, 0, 0, '2025-06-08 07:44:41'),
(1009, 11, '2025-06-08', 551, 3, 0, 0, 0, 8, 0, 0, 0, 0, 0, 0, 0, 0, 0, 0, 0, 0, 0, '2025-06-08 07:46:14'),
(1010, 11, '2025-06-08', 340, 4, 0, 0, 0, 7, 0, 0, 0, 0, 0, 0, 0, 0, 0, 0, 0, 0, 0, '2025-06-08 07:47:35'),
(1011, 11, '2025-06-08', 366, 5, 22748, 4000, 0, 0, 0, 0, 0, 0, 0, 0, 0, 0, 0, 0, 0, 0, 0, '2025-06-08 07:49:27'),
(1012, 11, '2025-06-08', 343, 6, 0, 0, 0, 5, 0, 0, 0, 0, 0, 0, 0, 0, 0, 0, 0, 0, 0, '2025-06-08 07:50:32'),
(1013, 11, '2025-06-08', 511, 7, 0, 0, 0, 4, 0, 0, 0, 0, 0, 0, 0, 0, 0, 0, 0, 0, 0, '2025-06-08 07:52:46'),
(1014, 11, '2025-06-08', 128, 8, 0, 0, 0, 4, 0, 0, 0, 0, 0, 0, 0, 0, 0, 0, 0, 0, 0, '2025-06-08 07:53:33'),
(1015, 11, '2025-06-08', 365, 9, 0, 0, 0, 2, 0, 0, 0, 0, 0, 0, 0, 0, 0, 0, 0, 0, 0, '2025-06-08 07:59:46'),
(1016, 53, '2025-06-08', 101, 1, 0, 0, 0, 1, 0, 5, 4, 7, 0, 1, 0, 0, 0, 0, 0, 0, 0, '2025-06-08 08:03:04'),
(1017, 52, '2025-06-08', 101, 1, 0, 0, 0, 0, 1, 10, 5, 14, 0, 2, 3, 0, 0, 0, 0, 0, 0, '2025-06-08 08:07:07'),
(1018, 23, '2025-06-08', 552, 1, 0, 0, 0, 20, 0, 0, 0, 0, 0, 0, 0, 0, 0, 0, 0, 0, 0, '2025-06-08 08:10:42'),
(1019, 23, '2025-06-08', 279, 2, 0, 0, 0, 10, 0, 0, 0, 0, 0, 0, 0, 0, 0, 0, 0, 0, 0, '2025-06-08 08:11:12'),
(1020, 23, '2025-06-08', 376, 3, 0, 0, 0, 10, 0, 0, 0, 0, 0, 0, 0, 0, 0, 0, 0, 0, 0, '2025-06-08 08:12:16'),
(1021, 23, '2025-06-08', 353, 4, 0, 0, 0, 6, 0, 0, 0, 0, 0, 0, 0, 0, 0, 0, 0, 0, 0, '2025-06-08 08:12:45'),
(1022, 23, '2025-06-08', 553, 5, 0, 0, 0, 6, 0, 0, 0, 0, 0, 0, 0, 0, 0, 0, 0, 0, 0, '2025-06-08 08:13:21'),
(1023, 23, '2025-06-08', 93, 6, 0, 0, 0, 6, 0, 0, 0, 0, 0, 0, 0, 0, 0, 0, 0, 0, 0, '2025-06-08 08:13:59'),
(1024, 23, '2025-06-08', 161, 7, 0, 0, 0, 4, 0, 0, 0, 0, 0, 0, 0, 0, 0, 0, 0, 0, 0, '2025-06-08 08:14:36'),
(1025, 23, '2025-06-08', 100, 8, 0, 0, 0, 4, 0, 0, 0, 0, 0, 0, 0, 0, 0, 0, 0, 0, 0, '2025-06-08 08:15:39'),
(1026, 23, '2025-06-08', 122, 9, 0, 0, 0, 4, 0, 0, 0, 0, 0, 0, 0, 0, 0, 0, 0, 0, 0, '2025-06-08 08:16:03'),
(1027, 23, '2025-06-08', 157, 10, 0, 0, 0, 4, 0, 0, 0, 0, 0, 0, 0, 0, 0, 0, 0, 0, 0, '2025-06-08 08:16:23'),
(1028, 23, '2025-06-08', 247, 11, 0, 0, 0, 2, 0, 0, 0, 0, 0, 0, 0, 0, 0, 0, 0, 0, 0, '2025-06-08 08:16:47'),
(1029, 24, '2025-06-08', 101, 1, 0, 0, 0, 14, 14, 90, 44, 93, 1, 37, 9, 0, 6, 0, 3, 0, 3, '2025-06-08 08:18:59'),
(1030, 23, '2025-06-08', 283, 12, 0, 0, 0, 2, 0, 0, 0, 0, 0, 0, 0, 0, 0, 0, 0, 0, 0, '2025-06-08 08:20:52'),
(1031, 23, '2025-06-08', 554, 13, 0, 0, 0, 2, 0, 0, 0, 0, 0, 0, 0, 0, 0, 0, 0, 0, 0, '2025-06-08 08:21:43'),
(1032, 23, '2025-06-08', 555, 14, 0, 0, 0, 2, 0, 0, 0, 0, 0, 0, 0, 0, 0, 0, 0, 0, 0, '2025-06-08 08:22:26'),
(1034, 58, '2025-06-08', 270, 1, 0, 0, 0, 40, 0, 0, 0, 0, 0, 0, 0, 0, 0, 0, 0, 0, 0, '2025-06-08 08:23:36'),
(1035, 23, '2025-06-08', 446, 15, 0, 0, 0, 2, 0, 0, 0, 0, 0, 0, 0, 0, 0, 0, 0, 0, 0, '2025-06-08 08:25:15'),
(1036, 23, '2025-06-08', 556, 16, 0, 0, 0, 2, 0, 0, 0, 0, 0, 0, 0, 0, 0, 0, 0, 0, 0, '2025-06-08 08:26:00'),
(1037, 23, '2025-06-08', 437, 17, 0, 0, 0, 2, 0, 0, 0, 0, 0, 0, 0, 0, 0, 0, 0, 0, 0, '2025-06-08 08:26:21'),
(1038, 23, '2025-06-08', 557, 18, 0, 0, 0, 2, 0, 0, 0, 0, 0, 0, 0, 0, 0, 0, 0, 0, 0, '2025-06-08 08:26:40'),
(1039, 23, '2025-06-08', 558, 19, 0, 0, 0, 2, 0, 0, 0, 0, 0, 0, 0, 0, 0, 0, 0, 0, 0, '2025-06-08 08:27:04'),
(1040, 23, '2025-06-08', 183, 20, 0, 0, 0, 2, 0, 0, 0, 0, 0, 0, 0, 0, 0, 0, 0, 0, 0, '2025-06-08 08:27:28'),
(1041, 23, '2025-06-08', 559, 21, 0, 0, 0, 2, 0, 0, 0, 0, 0, 0, 0, 0, 0, 0, 0, 0, 0, '2025-06-08 08:28:01'),
(1042, 23, '2025-06-08', 560, 22, 0, 0, 0, 1, 0, 0, 0, 0, 0, 0, 0, 0, 0, 0, 0, 0, 0, '2025-06-08 08:28:34');
INSERT INTO `offerings` (`id`, `service_id`, `service_date`, `user_id`, `serial_no`, `check_no`, `check_amount`, `denomination_2000`, `denomination_500`, `denomination_200`, `denomination_100`, `denomination_50`, `denomination_20_notes`, `denomination_20_coins`, `denomination_10_notes`, `denomination_10_coins`, `denomination_5_notes`, `denomination_5_coins`, `denomination_2_notes`, `denomination_2_coins`, `denomination_1_notes`, `denomination_1_coins`, `created_at`) VALUES
(1043, 23, '2025-06-08', 192, 23, 0, 0, 0, 1, 0, 0, 0, 0, 0, 0, 0, 0, 0, 0, 0, 0, 0, '2025-06-08 08:29:40'),
(1044, 23, '2025-06-08', 329, 24, 0, 0, 0, 1, 0, 0, 0, 0, 0, 0, 0, 0, 0, 0, 0, 0, 0, '2025-06-08 08:29:57'),
(1045, 23, '2025-06-08', 561, 25, 0, 0, 0, 1, 0, 0, 0, 0, 0, 0, 0, 0, 0, 0, 0, 0, 0, '2025-06-08 08:30:56'),
(1046, 58, '2025-06-08', 562, 2, 0, 0, 0, 20, 0, 0, 0, 0, 0, 0, 0, 0, 0, 0, 0, 0, 0, '2025-06-08 08:33:26'),
(1047, 58, '2025-06-08', 251, 3, 0, 0, 0, 20, 0, 0, 0, 0, 0, 0, 0, 0, 0, 0, 0, 0, 0, '2025-06-08 08:35:00'),
(1048, 58, '2025-06-08', 187, 4, 0, 0, 0, 10, 0, 0, 0, 0, 0, 0, 0, 0, 0, 0, 0, 0, 0, '2025-06-08 08:35:27'),
(1049, 58, '2025-06-08', 311, 5, 0, 0, 0, 2, 0, 0, 0, 0, 0, 0, 0, 0, 0, 0, 0, 0, 0, '2025-06-08 08:35:45'),
(1050, 22, '2025-06-08', 101, 1, 0, 0, 0, 0, 2, 21, 29, 68, 2, 84, 13, 0, 15, 0, 14, 0, 9, '2025-06-08 08:45:53'),
(1051, 50, '2025-06-08', 101, 1, 0, 0, 0, 1, 2, 3, 4, 11, 0, 2, 0, 0, 0, 0, 0, 0, 0, '2025-06-08 08:55:05'),
(1052, 21, '2025-06-08', 288, 1, 0, 0, 0, 32, 0, 0, 0, 0, 0, 0, 0, 0, 0, 0, 0, 0, 0, '2025-06-08 09:09:32'),
(1053, 14, '2025-06-08', 101, 1, 0, 0, 0, 1, 4, 42, 8, 18, 0, 11, 2, 0, 1, 0, 1, 0, 2, '2025-06-08 09:27:38'),
(1054, 21, '2025-06-08', 148, 2, 0, 0, 0, 26, 0, 0, 0, 0, 0, 0, 0, 0, 0, 0, 0, 0, 0, '2025-06-13 07:18:13'),
(1055, 21, '2025-06-08', 103, 3, 0, 0, 0, 20, 0, 0, 0, 0, 0, 0, 0, 0, 0, 0, 0, 0, 0, '2025-06-13 07:19:22'),
(1056, 21, '2025-06-08', 154, 4, 0, 0, 0, 20, 0, 0, 0, 0, 0, 0, 0, 0, 0, 0, 0, 0, 0, '2025-06-13 07:19:44'),
(1057, 21, '2025-06-08', 149, 5, 0, 0, 0, 16, 0, 0, 0, 0, 0, 0, 0, 0, 0, 0, 0, 0, 0, '2025-06-13 07:21:10'),
(1058, 21, '2025-06-08', 490, 6, 0, 0, 0, 0, 25, 0, 0, 0, 0, 0, 0, 0, 0, 0, 0, 0, 0, '2025-06-13 07:21:30'),
(1059, 21, '2025-06-08', 296, 7, 0, 0, 0, 10, 0, 0, 0, 0, 0, 0, 0, 0, 0, 0, 0, 0, 0, '2025-06-13 07:22:01'),
(1060, 21, '2025-06-08', 155, 8, 0, 0, 0, 9, 0, 0, 0, 0, 0, 0, 0, 0, 0, 0, 0, 0, 0, '2025-06-13 07:22:22'),
(1061, 21, '2025-06-08', 491, 9, 0, 0, 0, 8, 0, 0, 0, 0, 0, 0, 0, 0, 0, 0, 0, 0, 0, '2025-06-13 07:24:01'),
(1062, 21, '2025-06-08', 157, 10, 0, 0, 0, 7, 0, 3, 0, 0, 0, 0, 0, 0, 0, 0, 0, 0, 0, '2025-06-13 07:24:35'),
(1063, 21, '2025-06-08', 106, 11, 0, 0, 0, 7, 0, 0, 0, 0, 0, 0, 0, 0, 0, 0, 0, 0, 0, '2025-06-13 07:25:15'),
(1064, 21, '2025-06-08', 254, 12, 0, 0, 0, 7, 0, 0, 0, 0, 0, 0, 0, 0, 0, 0, 0, 0, 0, '2025-06-13 07:26:04'),
(1065, 21, '2025-06-08', 302, 13, 477328, 3500, 0, 0, 0, 0, 0, 0, 0, 0, 0, 0, 0, 0, 0, 0, 0, '2025-06-13 07:26:43'),
(1066, 21, '2025-06-08', 307, 14, 0, 0, 0, 6, 0, 0, 0, 0, 0, 0, 0, 0, 0, 0, 0, 0, 0, '2025-06-13 07:27:59'),
(1067, 21, '2025-06-08', 164, 15, 0, 0, 0, 6, 0, 0, 0, 0, 0, 0, 0, 0, 0, 0, 0, 0, 0, '2025-06-13 07:30:23'),
(1068, 21, '2025-06-08', 515, 16, 0, 0, 0, 6, 0, 0, 0, 0, 0, 0, 0, 0, 0, 0, 0, 0, 0, '2025-06-13 07:30:43'),
(1069, 21, '2025-06-08', 310, 17, 0, 0, 0, 5, 0, 3, 0, 0, 0, 0, 0, 0, 0, 0, 0, 0, 0, '2025-06-13 07:31:27'),
(1070, 21, '2025-06-08', 311, 18, 0, 0, 0, 5, 0, 2, 0, 1, 0, 0, 0, 0, 0, 0, 0, 0, 0, '2025-06-13 07:32:19'),
(1071, 21, '2025-06-08', 168, 19, 0, 0, 0, 5, 0, 0, 1, 0, 0, 0, 0, 0, 0, 0, 0, 0, 0, '2025-06-13 07:33:48'),
(1072, 21, '2025-06-08', 390, 20, 0, 0, 0, 5, 0, 0, 0, 0, 0, 0, 0, 0, 0, 0, 0, 0, 0, '2025-06-13 07:34:54'),
(1073, 21, '2025-06-08', 439, 21, 0, 0, 0, 5, 0, 0, 0, 0, 0, 0, 0, 0, 0, 0, 0, 0, 0, '2025-06-13 07:35:18'),
(1074, 21, '2025-06-08', 312, 22, 0, 0, 0, 4, 0, 0, 0, 0, 0, 0, 0, 0, 0, 0, 0, 0, 0, '2025-06-13 07:36:37'),
(1075, 21, '2025-06-08', 207, 23, 0, 0, 0, 4, 0, 0, 0, 0, 0, 0, 0, 0, 0, 0, 0, 0, 0, '2025-06-13 07:36:58'),
(1076, 21, '2025-06-08', 275, 24, 0, 0, 0, 4, 0, 0, 0, 0, 0, 0, 0, 0, 0, 0, 0, 0, 0, '2025-06-13 07:37:29'),
(1077, 21, '2025-06-08', 510, 25, 0, 0, 0, 4, 0, 0, 0, 0, 0, 0, 0, 0, 0, 0, 0, 0, 0, '2025-06-13 07:38:20'),
(1078, 21, '2025-06-08', 186, 26, 0, 0, 0, 4, 0, 0, 0, 0, 0, 0, 0, 0, 0, 0, 0, 0, 0, '2025-06-13 07:39:06'),
(1079, 21, '2025-06-08', 226, 27, 0, 0, 0, 4, 0, 0, 0, 0, 0, 0, 0, 0, 0, 0, 0, 0, 0, '2025-06-13 07:40:42'),
(1080, 21, '2025-06-08', 333, 28, 0, 0, 0, 3, 0, 0, 0, 0, 0, 0, 0, 0, 0, 0, 0, 0, 0, '2025-06-13 07:41:13'),
(1081, 21, '2025-06-08', 181, 29, 0, 0, 0, 2, 1, 0, 0, 0, 0, 0, 0, 0, 0, 0, 0, 0, 0, '2025-06-13 07:42:02'),
(1082, 21, '2025-06-08', 563, 30, 0, 0, 0, 2, 0, 0, 0, 0, 0, 0, 0, 0, 0, 0, 0, 0, 0, '2025-06-13 07:42:57'),
(1083, 21, '2025-06-08', 529, 31, 0, 0, 0, 2, 0, 0, 0, 0, 0, 0, 0, 0, 0, 0, 0, 0, 0, '2025-06-13 07:43:29'),
(1084, 21, '2025-06-08', 564, 32, 0, 0, 0, 2, 0, 0, 0, 0, 0, 0, 0, 0, 0, 0, 0, 0, 0, '2025-06-13 07:44:15'),
(1085, 21, '2025-06-08', 398, 33, 0, 0, 0, 2, 0, 0, 0, 0, 0, 0, 0, 0, 0, 0, 0, 0, 0, '2025-06-13 07:45:26'),
(1086, 21, '2025-06-08', 433, 34, 0, 0, 0, 2, 0, 0, 0, 0, 0, 0, 0, 0, 0, 0, 0, 0, 0, '2025-06-13 07:46:02'),
(1087, 21, '2025-06-08', 190, 35, 0, 0, 0, 2, 0, 0, 0, 0, 0, 0, 0, 0, 0, 0, 0, 0, 0, '2025-06-13 07:46:41'),
(1088, 21, '2025-06-08', 111, 36, 0, 0, 0, 1, 0, 0, 0, 0, 0, 0, 0, 0, 0, 0, 0, 0, 0, '2025-06-13 07:47:03'),
(1089, 21, '2025-06-08', 207, 37, 0, 0, 0, 0, 0, 2, 0, 0, 0, 0, 0, 0, 0, 0, 0, 0, 0, '2025-06-13 07:47:50'),
(1090, 21, '2025-06-08', 410, 38, 0, 0, 0, 1, 0, 0, 0, 0, 0, 0, 0, 0, 0, 0, 0, 0, 0, '2025-06-13 07:48:24'),
(1091, 41, '2025-06-08', 565, 1, 0, 0, 0, 6, 0, 0, 0, 0, 0, 0, 0, 0, 0, 0, 0, 0, 0, '2025-06-13 07:50:09'),
(1092, 34, '2025-06-08', 101, 1, 0, 0, 0, 0, 0, 5, 2, 7, 0, 2, 0, 0, 0, 0, 0, 0, 0, '2025-06-13 07:52:00'),
(1093, 31, '2025-06-08', 566, 1, 0, 0, 0, 3, 1, 1, 0, 0, 0, 0, 0, 0, 0, 0, 0, 0, 0, '2025-06-13 07:58:30'),
(1094, 33, '2025-06-08', 567, 1, 0, 0, 0, 1, 0, 0, 0, 0, 0, 0, 0, 0, 0, 0, 0, 0, 0, '2025-06-13 08:16:09'),
(1095, 44, '2025-06-08', 101, 1, 0, 0, 0, 2, 1, 4, 2, 6, 0, 4, 0, 0, 1, 0, 0, 0, 0, '2025-06-13 08:21:46'),
(1096, 52, '2025-06-15', 101, 1, 0, 0, 0, 0, 0, 4, 9, 28, 0, 12, 2, 0, 0, 0, 0, 0, 0, '2025-06-15 07:41:21'),
(1097, 57, '2025-06-15', 241, 1, 0, 0, 0, 20, 0, 0, 0, 0, 0, 0, 0, 0, 0, 0, 0, 0, 0, '2025-06-15 07:45:32'),
(1098, 58, '2025-06-15', 207, 1, 0, 0, 0, 20, 0, 0, 0, 0, 0, 0, 0, 0, 0, 0, 0, 0, 0, '2025-06-15 07:47:50'),
(1099, 13, '2025-06-15', 550, 1, 0, 0, 0, 10, 0, 0, 0, 0, 0, 0, 0, 0, 0, 0, 0, 0, 0, '2025-06-15 08:02:52'),
(1100, 13, '2025-06-15', 340, 2, 0, 0, 0, 1, 0, 0, 0, 0, 0, 0, 0, 0, 0, 0, 0, 0, 0, '2025-06-15 08:03:09'),
(1101, 23, '2025-06-15', 568, 1, 0, 0, 0, 10, 0, 0, 0, 0, 0, 0, 0, 0, 0, 0, 0, 0, 0, '2025-06-15 08:05:33'),
(1102, 23, '2025-06-15', 569, 2, 0, 0, 0, 6, 0, 0, 0, 0, 0, 0, 0, 0, 0, 0, 0, 0, 0, '2025-06-15 08:06:56'),
(1103, 23, '2025-06-15', 446, 3, 0, 0, 0, 6, 0, 0, 0, 0, 0, 0, 0, 0, 0, 0, 0, 0, 0, '2025-06-15 08:07:20'),
(1104, 23, '2025-06-15', 483, 4, 0, 0, 0, 6, 0, 0, 0, 0, 0, 0, 0, 0, 0, 0, 0, 0, 0, '2025-06-15 08:07:56'),
(1105, 23, '2025-06-15', 463, 5, 0, 0, 0, 4, 0, 0, 0, 0, 0, 0, 0, 0, 0, 0, 0, 0, 0, '2025-06-15 08:09:09'),
(1106, 23, '2025-06-15', 570, 6, 0, 0, 0, 4, 0, 0, 0, 0, 0, 0, 0, 0, 0, 0, 0, 0, 0, '2025-06-15 08:09:32'),
(1107, 23, '2025-06-15', 129, 7, 0, 0, 0, 4, 0, 0, 0, 0, 0, 0, 0, 0, 0, 0, 0, 0, 0, '2025-06-15 08:10:34'),
(1108, 23, '2025-06-15', 571, 8, 0, 0, 0, 2, 0, 0, 0, 0, 0, 0, 0, 0, 0, 0, 0, 0, 0, '2025-06-15 08:11:31'),
(1109, 23, '2025-06-15', 572, 9, 0, 0, 0, 1, 0, 0, 0, 0, 0, 0, 0, 0, 0, 0, 0, 0, 0, '2025-06-15 08:12:04'),
(1110, 23, '2025-06-15', 573, 10, 0, 0, 0, 1, 0, 0, 0, 0, 0, 0, 0, 0, 0, 0, 0, 0, 0, '2025-06-15 08:12:39'),
(1111, 23, '2025-06-15', 574, 11, 0, 0, 0, 1, 0, 0, 0, 0, 0, 0, 0, 0, 0, 0, 0, 0, 0, '2025-06-15 08:13:53'),
(1112, 21, '2025-06-15', 380, 1, 0, 0, 0, 40, 0, 0, 0, 0, 0, 0, 0, 0, 0, 0, 0, 0, 0, '2025-06-15 08:14:35'),
(1113, 21, '2025-06-15', 381, 2, 0, 0, 0, 30, 0, 0, 0, 0, 0, 0, 0, 0, 0, 0, 0, 0, 0, '2025-06-15 08:14:58'),
(1114, 21, '2025-06-15', 238, 3, 0, 0, 0, 20, 0, 0, 0, 0, 0, 0, 0, 0, 0, 0, 0, 0, 0, '2025-06-15 08:15:44'),
(1115, 21, '2025-06-15', 575, 4, 0, 0, 0, 12, 0, 0, 0, 0, 0, 0, 0, 0, 0, 0, 0, 0, 0, '2025-06-15 08:16:32'),
(1116, 21, '2025-06-15', 222, 5, 0, 0, 0, 12, 0, 0, 0, 0, 0, 0, 0, 0, 0, 0, 0, 0, 0, '2025-06-15 08:17:28'),
(1117, 21, '2025-06-15', 576, 6, 0, 0, 0, 9, 1, 8, 0, 0, 0, 0, 0, 0, 0, 0, 0, 0, 0, '2025-06-15 08:18:17'),
(1118, 21, '2025-06-15', 153, 7, 0, 0, 0, 10, 0, 0, 0, 0, 0, 0, 0, 0, 0, 0, 0, 0, 0, '2025-06-15 08:18:49'),
(1119, 21, '2025-06-15', 577, 8, 0, 0, 0, 10, 0, 0, 0, 0, 0, 0, 0, 0, 0, 0, 0, 0, 0, '2025-06-15 08:19:58'),
(1120, 21, '2025-06-15', 461, 9, 0, 0, 0, 8, 0, 0, 0, 0, 0, 0, 0, 0, 0, 0, 0, 0, 0, '2025-06-15 08:20:44'),
(1121, 21, '2025-06-15', 166, 10, 0, 0, 0, 6, 0, 0, 0, 0, 0, 0, 0, 0, 0, 0, 0, 0, 0, '2025-06-15 08:21:48'),
(1122, 21, '2025-06-15', 132, 11, 0, 0, 0, 4, 0, 1, 0, 0, 0, 1, 0, 0, 1, 0, 0, 0, 1, '2025-06-15 08:22:25'),
(1123, 21, '2025-06-15', 393, 12, 0, 0, 0, 4, 0, 0, 0, 0, 0, 0, 0, 0, 0, 0, 0, 0, 0, '2025-06-15 08:22:47'),
(1124, 21, '2025-06-15', 314, 13, 0, 0, 0, 4, 0, 0, 0, 0, 0, 0, 0, 0, 0, 0, 0, 0, 0, '2025-06-15 08:23:27'),
(1125, 21, '2025-06-15', 242, 14, 0, 0, 0, 3, 0, 1, 1, 0, 0, 0, 0, 0, 0, 0, 0, 0, 0, '2025-06-15 08:24:33'),
(1126, 21, '2025-06-15', 319, 15, 0, 0, 0, 2, 0, 0, 0, 0, 0, 0, 0, 0, 0, 0, 0, 0, 0, '2025-06-15 08:25:30'),
(1127, 21, '2025-06-15', 462, 16, 0, 0, 0, 2, 0, 0, 0, 0, 0, 0, 0, 0, 0, 0, 0, 0, 0, '2025-06-15 08:26:16'),
(1128, 21, '2025-06-15', 578, 17, 0, 0, 0, 2, 0, 0, 0, 0, 0, 0, 0, 0, 0, 0, 0, 0, 0, '2025-06-15 08:26:33'),
(1129, 21, '2025-06-15', 400, 18, 0, 0, 0, 2, 0, 0, 0, 0, 0, 0, 0, 0, 0, 0, 0, 0, 0, '2025-06-15 08:27:03'),
(1130, 21, '2025-06-15', 579, 19, 0, 0, 0, 2, 0, 0, 0, 0, 0, 0, 0, 0, 0, 0, 0, 0, 0, '2025-06-15 08:28:08'),
(1131, 21, '2025-06-15', 195, 20, 0, 0, 0, 2, 0, 0, 0, 0, 0, 0, 0, 0, 0, 0, 0, 0, 0, '2025-06-15 08:29:04'),
(1132, 21, '2025-06-15', 405, 21, 0, 0, 0, 2, 0, 0, 0, 0, 0, 0, 0, 0, 0, 0, 0, 0, 0, '2025-06-15 08:29:23'),
(1133, 21, '2025-06-15', 368, 22, 0, 0, 0, 1, 0, 0, 0, 0, 0, 0, 0, 0, 0, 0, 0, 0, 0, '2025-06-15 08:29:41'),
(1134, 21, '2025-06-15', 371, 23, 0, 0, 0, 1, 0, 0, 0, 0, 0, 0, 0, 0, 0, 0, 0, 0, 0, '2025-06-15 08:29:58'),
(1135, 21, '2025-06-15', 325, 24, 0, 0, 0, 1, 0, 0, 0, 0, 0, 0, 0, 0, 0, 0, 0, 0, 0, '2025-06-15 08:30:53'),
(1136, 21, '2025-06-15', 372, 25, 0, 0, 0, 0, 0, 3, 0, 0, 0, 0, 0, 0, 0, 0, 0, 0, 0, '2025-06-15 08:31:23'),
(1137, 21, '2025-06-15', 336, 26, 0, 0, 0, 0, 0, 3, 0, 0, 0, 0, 0, 0, 0, 0, 0, 0, 0, '2025-06-15 08:31:36'),
(1138, 24, '2025-06-15', 101, 1, 0, 0, 0, 17, 21, 117, 62, 103, 0, 39, 10, 0, 10, 0, 12, 0, 4, '2025-06-15 08:34:18'),
(1140, 14, '2025-06-15', 101, 1, 0, 0, 0, 4, 6, 46, 13, 28, 0, 11, 0, 0, 1, 0, 0, 0, 0, '2025-06-15 08:35:16'),
(1141, 22, '2025-06-15', 101, 1, 0, 0, 0, 5, 0, 38, 37, 106, 1, 77, 16, 0, 20, 0, 15, 0, 17, '2025-06-15 08:41:01'),
(1142, 11, '2025-06-15', 508, 1, 0, 0, 0, 36, 0, 0, 0, 0, 0, 0, 0, 0, 0, 0, 0, 0, 0, '2025-06-15 08:49:42'),
(1143, 11, '2025-06-15', 146, 2, 0, 0, 0, 20, 0, 0, 0, 0, 0, 0, 0, 0, 0, 0, 0, 0, 0, '2025-06-15 08:50:03'),
(1144, 50, '2025-06-15', 101, 1, 0, 0, 0, 0, 0, 4, 4, 17, 0, 6, 5, 0, 0, 0, 0, 0, 0, '2025-06-15 08:57:27'),
(1145, 11, '2025-06-15', 470, 3, 0, 0, 0, 20, 0, 0, 0, 0, 0, 0, 0, 0, 0, 0, 0, 0, 0, '2025-06-15 08:57:52'),
(1146, 53, '2025-06-15', 101, 1, 0, 0, 0, 0, 0, 0, 3, 3, 0, 3, 0, 0, 0, 0, 0, 0, 0, '2025-06-15 09:04:43'),
(1147, 11, '2025-06-15', 426, 4, 0, 0, 0, 14, 0, 0, 0, 0, 0, 0, 0, 0, 0, 0, 0, 0, 0, '2025-06-15 09:07:17'),
(1148, 11, '2025-06-15', 219, 5, 0, 0, 0, 8, 0, 0, 0, 0, 0, 0, 0, 0, 0, 0, 0, 0, 0, '2025-06-15 09:17:23'),
(1149, 11, '2025-06-15', 535, 6, 0, 0, 0, 8, 0, 0, 0, 0, 0, 0, 0, 0, 0, 0, 0, 0, 0, '2025-06-15 09:18:17'),
(1150, 11, '2025-06-15', 175, 7, 0, 0, 0, 3, 2, 1, 0, 0, 0, 0, 0, 0, 0, 0, 0, 0, 0, '2025-06-15 09:19:49'),
(1151, 11, '2025-06-15', 580, 8, 0, 0, 0, 4, 0, 0, 0, 0, 0, 0, 0, 0, 0, 0, 0, 0, 0, '2025-06-15 09:22:28'),
(1152, 11, '2025-06-15', 443, 9, 0, 0, 0, 2, 0, 0, 0, 0, 0, 0, 0, 0, 0, 0, 0, 0, 0, '2025-06-15 09:23:12'),
(1153, 11, '2025-06-15', 581, 10, 0, 0, 0, 2, 0, 0, 0, 0, 0, 0, 0, 0, 0, 0, 0, 0, 0, '2025-06-15 09:24:24'),
(1154, 11, '2025-06-15', 365, 11, 0, 0, 0, 2, 0, 0, 0, 0, 0, 0, 0, 0, 0, 0, 0, 0, 0, '2025-06-15 09:25:04');

-- --------------------------------------------------------

--
-- Table structure for table `offering_types`
--

DROP TABLE IF EXISTS `offering_types`;
CREATE TABLE IF NOT EXISTS `offering_types` (
  `id` int NOT NULL AUTO_INCREMENT,
  `offering_name` varchar(50) NOT NULL,
  `created_at` timestamp NULL DEFAULT CURRENT_TIMESTAMP,
  PRIMARY KEY (`id`)
) ENGINE=InnoDB AUTO_INCREMENT=16 DEFAULT CHARSET=utf8mb4 COLLATE=utf8mb4_0900_ai_ci;

--
-- Dumping data for table `offering_types`
--

INSERT INTO `offering_types` (`id`, `offering_name`, `created_at`) VALUES
(1, 'Tithe', '2024-12-15 13:04:35'),
(2, 'Poor Offering', '2024-12-15 13:04:35'),
(3, 'Thanksgiving', '2024-12-15 13:04:35'),
(4, 'General', '2024-12-26 09:44:03'),
(5, 'Sunday School', '2024-12-20 12:13:03'),
(6, 'Teens', '2024-12-20 12:13:03'),
(7, 'Youth', '2024-12-23 15:41:42'),
(8, 'Womens', '2024-12-23 15:41:54'),
(11, 'Box Offering', '2025-02-02 08:55:45'),
(12, 'Others', '2025-02-02 09:29:16'),
(13, 'Church Land', '2025-02-16 09:06:44'),
(14, 'Easter SunRise ', '2025-04-20 09:08:55'),
(15, 'VBS', '2025-04-27 08:06:21');

-- --------------------------------------------------------

--
-- Table structure for table `services`
--

DROP TABLE IF EXISTS `services`;
CREATE TABLE IF NOT EXISTS `services` (
  `id` int NOT NULL AUTO_INCREMENT,
  `language_id` int DEFAULT NULL,
  `offering_type_id` int NOT NULL,
  `service_slot` varchar(255) DEFAULT NULL,
  `status` tinyint NOT NULL DEFAULT '1',
  `created_at` timestamp NULL DEFAULT CURRENT_TIMESTAMP,
  PRIMARY KEY (`id`),
  UNIQUE KEY `unique_language_offering_service` (`language_id`,`offering_type_id`,`service_slot`),
  KEY `offering_type_id` (`offering_type_id`)
) ENGINE=InnoDB AUTO_INCREMENT=61 DEFAULT CHARSET=utf8mb4 COLLATE=utf8mb4_0900_ai_ci;

--
-- Dumping data for table `services`
--

INSERT INTO `services` (`id`, `language_id`, `offering_type_id`, `service_slot`, `status`, `created_at`) VALUES
(11, 1, 1, '7 am', 1, '2024-12-15 08:15:55'),
(12, 1, 2, '7 am', 0, '2024-12-15 08:20:27'),
(13, 1, 3, '7 am', 1, '2024-12-15 08:20:56'),
(14, 1, 4, '7 am', 1, '2024-12-26 04:14:17'),
(21, 2, 1, NULL, 1, '2024-12-15 10:59:24'),
(22, 2, 2, NULL, 1, '2024-12-17 03:40:44'),
(23, 2, 3, NULL, 1, '2024-12-17 03:40:44'),
(24, 2, 4, NULL, 1, '2024-12-26 04:14:26'),
(31, 3, 1, NULL, 1, '2024-12-17 03:43:59'),
(32, 3, 2, NULL, 1, '2024-12-17 03:43:59'),
(33, 3, 3, NULL, 1, '2024-12-17 03:43:59'),
(34, 3, 4, NULL, 1, '2024-12-26 04:14:33'),
(41, 1, 1, '7 pm', 1, '2024-12-17 03:45:02'),
(42, 1, 2, '7 pm', 0, '2024-12-17 03:45:02'),
(43, 1, 3, '7 pm', 0, '2024-12-17 03:45:02'),
(44, 1, 4, '7 pm', 1, '2024-12-26 04:14:40'),
(50, NULL, 8, NULL, 1, '2024-12-23 10:12:51'),
(51, NULL, 7, NULL, 1, '2024-12-23 10:12:10'),
(52, NULL, 5, NULL, 1, '2024-12-20 06:43:34'),
(53, NULL, 6, NULL, 1, '2024-12-20 06:43:42'),
(56, NULL, 11, NULL, 1, '2025-02-02 08:56:19'),
(57, NULL, 12, NULL, 1, '2025-02-02 09:29:49'),
(58, NULL, 13, NULL, 1, '2025-02-16 09:07:21'),
(59, NULL, 14, NULL, 0, '2025-04-20 09:09:45'),
(60, NULL, 15, NULL, 1, '2025-04-27 08:06:54');

-- --------------------------------------------------------

--
-- Table structure for table `users`
--

DROP TABLE IF EXISTS `users`;
CREATE TABLE IF NOT EXISTS `users` (
  `id` int NOT NULL AUTO_INCREMENT,
  `name` varchar(100) CHARACTER SET utf8mb4 COLLATE utf8mb4_0900_ai_ci NOT NULL,
  `email` varchar(100) CHARACTER SET utf8mb4 COLLATE utf8mb4_0900_ai_ci DEFAULT NULL,
  `phone` varchar(10) CHARACTER SET utf8mb4 COLLATE utf8mb4_0900_ai_ci DEFAULT NULL,
  `phone2` varchar(11) NOT NULL,
  `created_at` timestamp NULL DEFAULT CURRENT_TIMESTAMP,
  PRIMARY KEY (`id`),
  UNIQUE KEY `name` (`name`)
) ENGINE=InnoDB AUTO_INCREMENT=582 DEFAULT CHARSET=utf8mb4 COLLATE=utf8mb4_0900_ai_ci;

--
-- Dumping data for table `users`
--

INSERT INTO `users` (`id`, `name`, `email`, `phone`, `phone2`, `created_at`) VALUES
(1, 'Nallori Robert Johnson', 'johnson@gmail.com', '8008255268', '', '2025-01-02 07:39:16'),
(91, 'EVANGELYNE ESTHER', NULL, '8977434860', '', '2025-01-01 09:50:17'),
(92, 'JAMES AND FRIENDS', NULL, NULL, '', '2025-01-01 09:51:05'),
(93, 'L MARY BHARATHI', '', '9441044860', '', '2025-01-01 09:54:07'),
(94, 'MARK PRABAKAR', NULL, NULL, '', '2025-01-01 09:54:21'),
(95, 'C SUNITHA PHILIPS', NULL, NULL, '', '2025-01-01 09:54:36'),
(96, 'DR M ARUNA BHARATHI', NULL, NULL, '', '2025-01-01 09:54:50'),
(97, 'B GRECHITH S/O BHASKAR ROA', NULL, NULL, '', '2025-01-01 09:55:23'),
(98, 'A AKASH MOHANATH', NULL, NULL, '', '2025-01-01 09:56:25'),
(99, 'D ANNIE VINUTHNA AKASH', NULL, NULL, '', '2025-01-01 09:56:46'),
(100, 'NAMELESS', NULL, '', '', '2025-01-01 09:56:57'),
(101, 'GENERAL', NULL, '', '', '2025-01-01 10:21:28'),
(102, 'JACOB SANDRA', NULL, '9848998462', '', '2025-01-01 10:37:59'),
(103, 'DR T YESUPADAM', NULL, '8187811405', '', '2025-01-01 10:38:20'),
(104, 'SAMUEL PADDETI', NULL, '9789918652', '9940615639', '2025-01-01 10:38:36'),
(105, 'PRABHU CHARAN MURAVANI', NULL, '9704779323', '', '2025-01-01 10:38:55'),
(106, 'PULLA PREM KUMAR', NULL, '9848744667', '', '2025-01-01 10:39:09'),
(107, 'S B SHEEBA RANI', NULL, NULL, '', '2025-01-01 10:39:22'),
(108, 'MALLARAPU MARTHAMMA MOSES', NULL, '9848308420', '', '2025-01-01 10:39:37'),
(109, 'P VIJAY CHANDRA KIRAN', NULL, NULL, '', '2025-01-01 10:39:50'),
(110, 'P C RAMULU', NULL, '8121179048', '', '2025-01-01 10:40:00'),
(111, 'M MANO RANI', NULL, '9494058188', '', '2025-01-01 10:40:10'),
(112, 'V T DAVID S/0 LATE V THOMAS', NULL, NULL, '', '2025-01-01 10:40:27'),
(113, 'D SHAKUNTALA', NULL, NULL, '', '2025-01-01 10:40:59'),
(114, 'PA SAMPATH KUMAR', NULL, '9177851986', '', '2025-01-01 10:41:04'),
(115, 'ROOP KUMAR Madison', '', '9989614652', '', '2025-01-01 10:41:29'),
(116, 'B DANIEL S/O ASEERVADAM', NULL, NULL, '', '2025-01-01 10:41:46'),
(117, 'P SUSILA SRINIVAS', NULL, '8142687882', '', '2025-01-01 10:42:50'),
(118, 'J SUSHEEL KUMAR S/O SUDHAKAR AGNESS', NULL, '9247148540', '', '2025-01-01 10:48:09'),
(119, 'KARTALA JAYASHEELA YESURATNAM', NULL, NULL, '', '2025-01-01 10:48:24'),
(120, 'A ESTHER DANIEL', NULL, NULL, '', '2025-01-01 10:48:34'),
(121, 'GADDAM SAMUEL SAMSON', NULL, '9849645126', '', '2025-01-01 10:48:44'),
(122, 'AVULA RATHNA LATHA ANAND', NULL, '9154206244', '', '2025-01-01 10:48:58'),
(123, 'P HELEN', NULL, NULL, '', '2025-01-01 10:49:08'),
(124, 'BOZZAM ANNAMANI DANIEL', NULL, '8125314271', '', '2025-01-01 10:49:48'),
(125, 'NAGARJUNA', NULL, '8125314271', '', '2025-01-01 10:49:59'),
(126, 'M PADMA KISHORE', NULL, '9908325596', '', '2025-01-01 10:50:09'),
(127, 'N NELSON', '', '7993806482', '', '2025-01-01 10:50:20'),
(128, 'ANKAM HARI BABU', '', NULL, '', '2025-01-01 10:50:33'),
(129, 'GARIKWOD VENKATESH PADMA RAO NAGAR SEC', '', '7013704667', '', '2025-01-01 10:51:02'),
(130, 'K DHRUV S/O PRASHANT RAJ', NULL, '8107490749', '', '2025-01-01 10:51:19'),
(131, 'G SAMUEL SAMSON', NULL, NULL, '', '2025-01-01 10:51:39'),
(132, 'B VAJRAMMA SHURDASHAN', NULL, NULL, '', '2025-01-01 10:51:58'),
(133, 'T SRIKANTH ramanthapur', '', '8886148884', '', '2025-01-01 10:52:08'),
(134, 'MANDA GOUTHAM KUMAR', NULL, '9849816966', '', '2025-01-01 10:52:19'),
(135, 'MOSES SIKKA (HITLAR)', NULL, '9494217729', '', '2025-01-01 10:52:46'),
(136, 'A KANKA RAJ BENJAIMIN', NULL, '7588926335', '', '2025-01-01 10:53:08'),
(137, 'MAYDAH SURESH AND SAILAJA', NULL, '8801490598', '', '2025-01-01 10:53:53'),
(138, 'RAUABHARAMI SAROJINI', NULL, NULL, '', '2025-01-01 10:54:21'),
(139, 'G PAVAN AND LATHA', '', '9985031635', '', '2025-01-01 10:54:58'),
(140, 'JAYA KUMARI', NULL, '7569893597', '', '2025-01-01 10:55:11'),
(141, 'M SAUDHAMANI W/O JAIPAL', NULL, '9866887553', '', '2025-01-01 10:55:27'),
(142, 'T NISHANTH S/O T AMBEDKAR', NULL, '9700123836', '', '2025-01-01 10:55:39'),
(146, 'DR V E RAJU AND SHARON', '', '9849343752', '', '2025-01-05 09:17:35'),
(147, 'K HILDA CHRISTOPHER', NULL, '9885435287', '', '2025-01-05 09:18:35'),
(148, 'K NATHANIEL', NULL, '9652021595', '', '2025-01-05 09:20:36'),
(149, 'SUNANDA DEVARAKONDA', '', '9177165527', '', '2025-01-05 09:22:23'),
(150, 'P ZAPHANATH ISREAL', '', '9573649472', '', '2025-01-05 09:23:21'),
(151, 'K SAMPOORNA SAMSON', NULL, NULL, '', '2025-01-05 09:29:47'),
(152, 'K J JOSHUA', '', '9121574521', '', '2025-01-05 09:31:34'),
(153, 'Y SAMUEL RATNAM', NULL, '7702195181', '', '2025-01-05 09:32:39'),
(154, 'A KANTHA RAO', NULL, '', '', '2025-01-05 09:33:38'),
(155, 'SANDRA JOSEPH', NULL, '9985823738', '', '2025-01-05 09:35:25'),
(156, 'DEENA KRUPA RAO', NULL, NULL, '', '2025-01-05 09:46:41'),
(157, 'S B JOSEPH', NULL, '9849324913', '', '2025-01-05 09:47:26'),
(158, 'P ZEPHANIAH ISREAL', NULL, '', '', '2025-01-05 09:48:18'),
(159, 'S LEENA PRAKASH', '', '9966267845', '', '2025-01-05 09:49:04'),
(160, 'J BLANDINA POWELL', NULL, '9885088187', '', '2025-01-05 09:50:24'),
(161, 'G DAVID SHANTI RAJ', NULL, '9440399777', '', '2025-01-05 09:51:27'),
(163, 'AVULA VIJAY KUMAR', NULL, '9490752456', '', '2025-01-05 09:56:07'),
(164, 'TALLAPALLY GILBERT MOSES', '', '8985733804', '', '2025-01-05 09:57:21'),
(165, 'B MERILYN SUZANA D/O B JSCOB RAJ', NULL, NULL, '', '2025-01-05 09:58:13'),
(166, 'PRABAKAR RAO KAMPA VIJAYAPURI CLY', '', '9440975113', '', '2025-01-05 09:59:25'),
(167, 'S J PRATHYUSHA', '', '8341124913', '', '2025-01-05 10:00:11'),
(168, 'K J ABRAHAM', '', '9866286901', '', '2025-01-05 10:01:44'),
(169, 'L PREVEEN KUMAR', NULL, '9849436670', '', '2025-01-05 10:02:34'),
(170, 'P SANJAY', NULL, '9701373030', '', '2025-01-05 10:03:12'),
(171, 'S J SWAPMIKA', NULL, '8008824913', '', '2025-01-05 10:04:06'),
(172, 'GANDHAM SWAMY DASS', '', '6303019519', '', '2025-01-05 10:04:53'),
(173, 'SANDRA YONA RAJ', '', '9704539869', '', '2025-01-05 10:06:50'),
(175, 'VALLAPDAS KRANTHI LALAPET', '', '9391082752', '', '2025-01-05 10:07:44'),
(176, 'M VIMAL EMMANUEL PRAKASH', NULL, '9885057206', '', '2025-01-05 10:10:10'),
(177, 'ANKAM DINSHAW', NULL, '8143752135', '', '2025-01-05 10:11:00'),
(179, 'GANDHAM SAMSON', NULL, NULL, '', '2025-01-05 10:11:48'),
(180, 'S JACOB & MARTHAMMA', NULL, NULL, '', '2025-01-05 10:12:22'),
(181, 'PADMA JACOB JOHN', NULL, '9849436670', '', '2025-01-05 10:13:02'),
(182, 'R JAYA RAO', NULL, NULL, '', '2025-01-05 10:13:21'),
(183, 'SUKANYA LAXMAN', NULL, '9963729344', '', '2025-01-05 10:14:02'),
(184, 'KALAPALA VINOD KUMAR VICTOR', '', '9985165284', '', '2025-01-05 10:14:35'),
(185, 'GANDHAM SWAMY DAS', NULL, NULL, '', '2025-01-05 10:15:04'),
(186, 'MANDA JAYANNA', '', '8247727793', '', '2025-01-05 10:15:26'),
(187, 'GYARA SUSHEELA ANANDAM', NULL, '9440936170', '', '2025-01-05 10:15:49'),
(188, 'SANDRA JOANNA', NULL, '7842327474', '', '2025-01-05 10:16:26'),
(189, 'SANDRA STEVE AUGUSTINE', NULL, '8186889679', '', '2025-01-05 10:16:59'),
(190, 'P BEULAH GURU BHAGYAM', '', '9849544797', '', '2025-01-05 10:17:36'),
(191, 'SANDRA AUGUSTIENE EMMANUEL', NULL, '9110785141', '', '2025-01-05 10:18:15'),
(192, 'M SOUDHAMANI W/O JAIPAUL', '', '9866888755', '', '2025-01-05 10:18:51'),
(193, 'RAVI KUMAR', NULL, NULL, '', '2025-01-05 10:19:12'),
(194, 'SAMSON SHAILAJA', NULL, NULL, '', '2025-01-05 10:19:33'),
(195, 'SANDRA JOHN PREMALATHA AMBEDKAR NAGAR', '', '9908404445', '', '2025-01-05 10:20:01'),
(196, 'REZIA ABRAHAM', NULL, NULL, '', '2025-01-05 10:20:26'),
(197, 'YANJAMURI KRISTU KUMARI', '', '9177333481', '', '2025-01-05 10:20:55'),
(198, 'MANI ALFRED', NULL, '9949973350', '', '2025-01-05 10:21:25'),
(199, 'VIJAYA KRUPANAND', NULL, NULL, '', '2025-01-05 10:22:29'),
(200, 'KANAKARAJ BENJAMIN', NULL, NULL, '', '2025-01-05 10:22:50'),
(201, 'B A MARY GLORIA', NULL, NULL, '', '2025-01-05 10:23:36'),
(202, 'S LALITHA W/O LATE SANDRA AUGUSTIENE', NULL, NULL, '', '2025-01-05 10:24:10'),
(203, 'SANDRA SOLOMON', '', '9177539171', '', '2025-01-05 10:24:31'),
(204, 'K MARTHAMMA W/O KONDATI ISRAEL MOSES', NULL, NULL, '', '2025-01-05 10:25:28'),
(206, 'A RAMULU', NULL, NULL, '', '2025-01-05 10:27:24'),
(207, 'P ELIZEBETH SWAMIDAS TARKAKA', '', '8096313242', '', '2025-01-05 10:27:51'),
(208, 'CH SHRAVANI', NULL, NULL, '', '2025-01-05 10:32:01'),
(209, 'DAMERA RADEEP', '', '8008944323', '', '2025-01-19 08:08:17'),
(210, 'ALLCOVERS', NULL, NULL, '', '2025-01-19 08:13:18'),
(212, 'SMITHA AND PRASAD', NULL, NULL, '', '2025-02-16 08:22:38'),
(213, 'VANAMAMALLA JOY MARGARET', NULL, NULL, '', '2025-02-16 08:23:07'),
(214, 'P MELITA', NULL, NULL, '', '2025-02-16 08:23:27'),
(216, 'J P ANANTHNATH', NULL, '9704083794', '', '2025-02-16 08:30:34'),
(217, 'RAJINI VAVA PRASAD', NULL, NULL, '', '2025-02-16 08:32:13'),
(219, 'C Y DASS', '', '9849807986', '', '2025-02-16 08:32:58'),
(220, 'MURAVANI NIRMALA JYOTHI ARJUN KUMAR', NULL, '9346636112', '', '2025-02-16 08:33:28'),
(222, 'PULLA VIMOLIA JAWAHAR KUMAR HABSIGUDA', '', '8074212107', '', '2025-02-16 08:34:02'),
(223, 'K SUDHAKAR RAJU', NULL, '9985815678', '', '2025-02-16 08:34:40'),
(224, 'E MARY AND SUBHARAO', NULL, NULL, '', '2025-02-16 08:35:00'),
(226, 'P SHYAMALA W/O P SUNIL KUMAR (ADVOCATE)', '', '9700555791', '', '2025-02-16 08:39:31'),
(227, 'B J SARANGAPANI', NULL, NULL, '', '2025-02-16 08:40:35'),
(228, 'G SUDHA BAHU', NULL, NULL, '', '2025-02-16 08:40:54'),
(229, 'G MARIA SUJAY', NULL, NULL, '', '2025-02-16 08:41:09'),
(230, 'D SRINIVASULU', NULL, NULL, '', '2025-02-16 08:41:28'),
(231, 'P AJAY SANTOSHI', NULL, NULL, '', '2025-02-16 08:41:41'),
(232, 'REZIA ABRAHAM K', NULL, NULL, '', '2025-02-16 08:41:57'),
(233, 'KONDETI MARTHAMA', NULL, NULL, '', '2025-02-16 08:42:12'),
(234, 'M JAIPAUL SANDY', NULL, NULL, '', '2025-02-16 08:42:44'),
(235, 'S SHIVANNA', NULL, NULL, '', '2025-02-16 08:43:05'),
(236, 'SANDRA KEERTHI', NULL, NULL, '', '2025-02-16 09:08:47'),
(237, 'PRAVEEN KUMAR', NULL, NULL, '', '2025-02-16 09:11:05'),
(238, 'RAHUL VELPULA NAGOLE', '', '9505271451', '', '2025-03-23 07:33:02'),
(239, 'BAIRAPAKA PRAVEEN', NULL, '8125067777', '', '2025-03-23 07:33:39'),
(240, 'VARAKUMAR BOJJA', NULL, '9985702374', '', '2025-03-23 07:34:51'),
(241, 'MANDA RAJENDRA KUMAR', '', '8074638625', '', '2025-03-23 07:35:34'),
(242, 'JUDSON PAKALA S/O P SWAMIDASS', '', '9840303471', '', '2025-03-23 07:38:29'),
(244, 'KONDETY MATTHAMMA', '', '8522044174', '', '2025-03-23 07:40:15'),
(245, 'GAJULA WILLIAM', NULL, '9908578500', '', '2025-03-23 07:40:54'),
(246, 'K A SAMPATH KUMAR', NULL, '9177Z85195', '', '2025-03-23 07:41:43'),
(247, 'RENUKA KANCHERLA', NULL, '9398604315', '', '2025-03-23 07:43:21'),
(248, 'AGNES SUDHAKAR', NULL, '9247148540', '', '2025-03-23 07:43:50'),
(249, 'G VIJAYA BABU RAO', NULL, '9010777205', '', '2025-03-23 07:44:24'),
(250, 'BIRAPAKA SUJATHA JACOB', NULL, '9347663997', '', '2025-03-23 07:45:18'),
(251, 'SABITHA', '', '9550809555', '', '2025-03-23 07:45:42'),
(252, 'AKSHAYKANTH', NULL, '9966466593', '', '2025-03-23 07:46:48'),
(253, 'M JOHN AND M GLORY', NULL, '8955294787', '', '2025-03-23 07:47:29'),
(254, 'RANI PAUL M/O THEJA EPHINATUS', NULL, '', '', '2025-03-23 07:51:41'),
(255, 'G PRAKASH', '', '9553574492', '', '2025-03-23 07:52:09'),
(256, 'B AKHI S/O B VARAPRASAD', NULL, '7989819782', '', '2025-03-23 07:53:22'),
(257, 'SOFIA W/O JESSY PRABHA DAYAL', NULL, '9581540730', '', '2025-03-30 07:58:47'),
(259, 'JESSY PRABHU DAYAL', NULL, '9581540730', '', '2025-03-30 08:00:28'),
(260, 'B BENJAMIN FRANKLIN', NULL, '9705796092', '', '2025-03-30 08:01:14'),
(261, 'A NIKHIL JOSHUA', NULL, NULL, '', '2025-03-30 08:04:47'),
(262, 'VESAPOGU KRUPADANAM', NULL, '630178170', '', '2025-03-30 08:05:22'),
(263, 'AKULA PAVAN KUMAR', NULL, '8977374621', '', '2025-03-30 08:05:52'),
(265, 'LATHA GIDEON', '', '9849638393', '', '2025-03-30 08:07:11'),
(266, 'D RATHANAKAR & SHARON', NULL, '9010604075', '', '2025-03-30 08:07:45'),
(267, 'K KARUNAKAR S/0 LATE K YESUDAS', NULL, '9849543937', '', '2025-03-30 08:08:31'),
(268, 'VANAMAMALA JOY MARGARET', '', '9502249877', '', '2025-03-30 08:09:06'),
(269, 'DUNNA GLADIES SUDERSHANAM', NULL, '8374982233', '', '2025-03-30 08:09:32'),
(270, 'BAIRAPAKA JACOB & SUJATHA', NULL, '9948270566', '', '2025-03-30 08:10:13'),
(271, 'G MARY GOLD SAMSON', NULL, '8639297895', '', '2025-03-30 08:11:23'),
(272, 'PASALA VIJAY KUMAR', NULL, NULL, '', '2025-03-30 08:11:55'),
(273, 'K SOMAIAH', NULL, NULL, '', '2025-03-30 08:12:13'),
(274, 'JUNN SUNDUAR', NULL, '8179017758', '', '2025-03-30 08:13:45'),
(275, 'M GLORY ANIL RAJ', '', '9052742073', '', '2025-03-30 08:15:50'),
(276, 'B NOEL EMMUNUEL PRAKASH', NULL, '9885057206', '', '2025-03-30 08:17:01'),
(277, 'MISS SHERLY MONICA', '111', '8106730947', '', '2025-03-30 08:22:19'),
(278, 'K GABRIEL RAI KUMAR', NULL, '9912060645', '', '2025-03-30 08:35:36'),
(279, 'KUSUMA PRAMOD', NULL, '7981479100', '', '2025-03-30 08:39:57'),
(280, 'G SHANTHI', NULL, NULL, '', '2025-03-30 08:40:20'),
(281, 'SWARNALATHA AZARIAH', NULL, '9441496603', '', '2025-03-30 08:40:43'),
(282, 'PERLY CHRISTINA', NULL, NULL, '', '2025-03-30 08:41:09'),
(283, 'CHILKA ANAND', NULL, '9440185847', '', '2025-03-30 08:41:34'),
(284, 'CH PRASHANTH', NULL, '9440975113', '', '2025-03-30 08:42:06'),
(285, 'DR D PAUL BABU', NULL, '9618173929', '', '2025-03-30 08:42:43'),
(286, 'SMT PADMA MOSES', NULL, NULL, '', '2025-03-30 08:42:58'),
(287, 'CHILKA VIJAYARAJU', NULL, NULL, '', '2025-03-30 08:43:24'),
(288, 'D SAMSON', NULL, '9866742852', '', '2025-04-06 08:07:53'),
(289, 'RANINI VARAPRASAD YERRA', NULL, '8885522338', '', '2025-04-06 08:12:17'),
(291, 'B KAMALAKAR ANAND', NULL, '7382818278', '', '2025-04-06 08:14:57'),
(293, 'PAKALA GRACE JOHNSON', NULL, '9676864652', '', '2025-04-06 08:19:48'),
(294, 'K J DAVID', NULL, '8008837282', '', '2025-04-06 08:20:19'),
(295, 'B G PRAKASH RAO', NULL, '9989172547', '', '2025-04-06 08:22:28'),
(296, 'CH ANAND KUMAR', NULL, '9493122264', '', '2025-04-06 08:23:24'),
(297, 'K SAMPURNA SAMSON', NULL, NULL, '', '2025-04-06 08:23:50'),
(298, 'SUKKA FLORANCE KRUPAIAH', NULL, NULL, '', '2025-04-06 08:24:10'),
(299, 'B SRIDHAR', NULL, '9666035901', '', '2025-04-06 08:24:38'),
(300, 'A DAVID', NULL, '9949659066', '', '2025-04-06 08:25:09'),
(301, 'G JOSHUA', NULL, NULL, '', '2025-04-06 08:25:22'),
(302, 'B MERCINA DANIEL', NULL, '', '', '2025-04-06 08:26:34'),
(305, 'M SIRISHA D/O M PRASAD SUZAN', NULL, '9000543358', '', '2025-04-06 08:28:30'),
(306, 'PULLA PREMKUMAR / MALAVI', NULL, '9848744667', '', '2025-04-06 08:29:01'),
(307, 'KALPALA NIRMALA GILBERT', '', '9290831277', '', '2025-04-06 08:30:01'),
(309, 'PRAVEENA VIJAYA RAJ', NULL, NULL, '', '2025-04-06 08:30:57'),
(310, 'S J SHALINI', NULL, '7075524913', '', '2025-04-06 08:31:39'),
(311, 'C H REENA ANAND', NULL, '8074681406', '', '2025-04-06 08:33:03'),
(312, 'KALPALA ABHILASH VICTOR', '', '9704695084', '', '2025-04-06 08:36:35'),
(313, 'J SUDHAKAR AGNESS', '', '9247148540', '', '2025-04-06 08:38:00'),
(314, 'ASHIRVADAM CHETTUPALLY', '', '7893825920', '', '2025-04-06 08:38:57'),
(315, 'A MARIYA', NULL, '9502312909', '', '2025-04-06 08:40:24'),
(316, 'K SARALA SAMUEL BABU', NULL, '9948265878', '', '2025-04-06 08:41:47'),
(318, 'M RAVI KUMAR', NULL, '9160441588', '', '2025-04-06 08:44:16'),
(319, 'VIJAY KUMAR CHETTUPALLY MIRYLGUDA', '', '9490433325', '', '2025-04-06 08:44:41'),
(320, 'P AZARIAH MOSES', NULL, NULL, '', '2025-04-06 08:46:07'),
(321, 'B BLANDINA D/O B VIJARAMMA SUDARSHAN', NULL, '9010404677', '', '2025-04-06 08:46:55'),
(322, 'DAVIS VIKRAM PAUL', NULL, '9703633899', '', '2025-04-06 08:48:34'),
(323, 'M JYOTHI W/O M ANANDAM', NULL, '984835960', '', '2025-04-06 08:49:26'),
(324, 'B A MARY GLORIA TRANAKA', '', '9966442877', '', '2025-04-06 08:50:10'),
(325, 'V DAVIDSON SNEHAPURI COLONY', '', '9177697109', '', '2025-04-06 08:50:28'),
(326, 'P ESTHER RANI', NULL, NULL, '', '2025-04-06 08:50:39'),
(327, 'LALITHA SANDRA', NULL, '9848691518', '', '2025-04-06 08:51:10'),
(328, 'DATHA SUDHAKAR', NULL, NULL, '', '2025-04-06 08:51:29'),
(329, 'J PRABHA', NULL, '7396799098', '', '2025-04-06 08:51:58'),
(331, 'SUKKA BENJAMIN JOSH', NULL, NULL, '', '2025-04-06 08:52:23'),
(332, 'SUKKA ISRAEL', NULL, NULL, '', '2025-04-06 08:52:46'),
(333, 'M ANIL KUMAR S/O M JYOTHI ANANDAM', '', '7680832557', '', '2025-04-06 08:53:11'),
(334, 'D SUHASINI MANOHAR', NULL, '9703187293', '', '2025-04-06 08:53:35'),
(335, 'B BLESSINA DANIEL', NULL, NULL, '', '2025-04-06 08:54:32'),
(336, 'U MARRY', NULL, '', '', '2025-04-06 08:54:50'),
(337, 'S PINKY PREETHI', NULL, '9052998451', '', '2025-04-06 08:56:35'),
(338, 'T BHANU PRATAP', NULL, NULL, '', '2025-04-06 08:56:54'),
(339, 'REBECCA BENHUR SHANTINAGAR', '', '8008889500', '', '2025-04-06 08:57:29'),
(340, 'P JHANSY NELSON', NULL, '9849717542', '', '2025-04-06 08:57:58'),
(341, 'MANOHAR SRINIVAS AVULA', NULL, '9849842266', '', '2025-04-06 08:58:22'),
(342, 'G RANI LINCOLN / SHANTI NAGAR', '', '', '', '2025-04-06 08:58:56'),
(343, 'DR RAJENDRA PRASAD K', NULL, '9246577249', '', '2025-04-06 08:59:32'),
(344, 'M MARK PRABHAKAR H B COLONY', '', '8374517932', '', '2025-04-06 09:00:07'),
(345, 'P DEEPIKA MOSES', NULL, NULL, '', '2025-04-06 09:00:28'),
(346, 'D SATYA SWAROOP', NULL, '7989154682', '', '2025-04-06 09:01:08'),
(347, 'KALPALA VINOD KUMAR VICTOR', NULL, '9985165284', '', '2025-04-06 09:02:00'),
(349, 'P BEULAH GUBHAGYAN', NULL, NULL, '', '2025-04-06 09:03:21'),
(350, 'DUPPATI SANDEEP', NULL, NULL, '', '2025-04-06 09:05:13'),
(351, 'S NANDITHA', NULL, '8106947920', '', '2025-04-06 09:05:45'),
(352, 'P SUNITHA  W/O P SANJAY', NULL, '9701373030', '', '2025-04-06 09:07:19'),
(353, 'G A PHELLIS', NULL, '9052865701', '', '2025-04-06 09:08:14'),
(354, 'APARNA REDDY', NULL, '7093839413', '', '2025-04-06 09:08:38'),
(355, 'KOTHAPALLY RAJINI ROUPHES', NULL, '7306018830', '', '2025-04-06 09:09:15'),
(356, 'KENNETH STEPHEN S/O M SHALEM RAJ', NULL, NULL, '', '2025-04-06 09:09:44'),
(357, 'A NAGESWAR RAO', NULL, NULL, '', '2025-04-06 09:10:17'),
(358, 'DARLA NEETHI AURIEL', NULL, '9121505215', '', '2025-04-06 09:10:42'),
(359, 'DARLA AYAAN', NULL, '9121505215', '', '2025-04-06 09:11:00'),
(360, 'KONDETI BHAGYAVATHI', NULL, '8125340114', '', '2025-04-06 09:11:43'),
(361, 'DANIEL NAMBURI', NULL, NULL, '', '2025-04-06 09:26:33'),
(363, 'K SUNIL KUMAR ANURADHA', NULL, '9885802768', '', '2025-04-13 10:44:36'),
(364, 'G AKANKSHIK KENNY', NULL, '798121224', '', '2025-04-13 10:45:33'),
(365, 'K MOSES NAVEEN', NULL, '9494409797', '', '2025-04-13 10:46:00'),
(366, 'K J MOSES', NULL, '9440453748', '', '2025-04-13 10:47:28'),
(367, 'JULIANA DAVIS', NULL, NULL, '', '2025-04-13 10:48:01'),
(368, 'SAJEEDA RAJKUMAR', NULL, '8686802830', '', '2025-04-13 10:48:40'),
(369, 'NEETA DAVIS', NULL, NULL, '', '2025-04-13 10:48:56'),
(371, 'TARUN JONES', NULL, '7416686587', '', '2025-04-13 10:49:51'),
(372, 'ZACHARIAH LEVI', NULL, '7207546064', '', '2025-04-13 10:50:26'),
(373, 'ABRAHAM A', NULL, '9652780639', '', '2025-04-13 10:52:09'),
(374, 'S KARUNAKAR', NULL, NULL, '', '2025-04-13 10:52:46'),
(375, 'CH PRAVEEN RAJ', NULL, NULL, '', '2025-04-13 10:53:08'),
(376, 'T AKASH MAHONNATH', NULL, '9885011865', '', '2025-04-13 10:53:38'),
(377, 'K SIDDHANTH', NULL, NULL, '', '2025-04-13 10:54:01'),
(379, 'P JASON ISREAL', NULL, '7207855346', '', '2025-04-13 10:58:20'),
(380, 'K PRASANNA', NULL, '7799221727', '', '2025-04-13 10:58:50'),
(381, 'PARIMALA CHETTUPALLY', NULL, '9396894489', '', '2025-04-13 10:59:16'),
(383, 'MANILLA AMANI', NULL, '9502787587', '', '2025-04-13 11:01:04'),
(385, 'V ELISHA', NULL, '9440122849', '', '2025-04-13 11:01:59'),
(386, 'B D GIDEON', NULL, '9848357072', '', '2025-04-13 11:03:09'),
(387, 'RANI PAUL M/O K THEJA', NULL, NULL, '', '2025-04-13 11:03:41'),
(388, 'BHIRA DHORABABU', NULL, NULL, '', '2025-04-13 11:04:24'),
(390, 'V JOSEPH', '', '9346328327', '', '2025-04-13 11:05:22'),
(391, 'DR I AZARAIAH', '', '', '', '2025-04-13 11:05:55'),
(392, 'ABISHEK DEVERAKONDA', NULL, NULL, '', '2025-04-13 11:06:49'),
(393, 'RANJITH KUMAR', NULL, '7816042181', '', '2025-04-13 11:07:08'),
(397, 'G SUNEETHA  LAZARUS', NULL, NULL, '', '2025-04-13 11:08:58'),
(398, 'LINGALA RAVI KUMAR', '', '9701134033', '', '2025-04-13 11:09:15'),
(400, 'G BLANDINA SAMSON', NULL, '9959038684', '', '2025-04-13 11:10:16'),
(401, 'S B SAMSON SHAILAJA TUKARAM GATE', '', '8897754288', '', '2025-04-13 11:10:50'),
(402, 'M SVAVANI S/O JAIPAUL', NULL, '9466882553', '', '2025-04-13 11:11:27'),
(403, 'K GOPALA RAO', NULL, '9441780360', '', '2025-04-13 11:12:18'),
(404, 'S JACOB MARTHAMMA', NULL, '9177408823', '', '2025-04-13 11:12:51'),
(405, 'G DAVID SAMSON', NULL, '8639297895', '', '2025-04-13 11:13:35'),
(407, 'G VERONICA SAMSON', NULL, '9959038684', '', '2025-04-13 11:14:21'),
(408, 'S SHANTAMMA', NULL, '9573048468', '', '2025-04-13 11:14:49'),
(410, 'SIKKA VIJAYAMMA', NULL, '9494217729', '', '2025-04-13 11:16:12'),
(411, 'P JAYAKUMARI', NULL, NULL, '', '2025-04-13 11:16:30'),
(412, 'CHERUKUPALLI A ELIAS', '', '8008290391', '', '2025-04-13 11:17:04'),
(415, 'GURMMA RAJU', NULL, NULL, '', '2025-04-13 11:18:00'),
(416, 'KOTAPURI RAVI KUMAR', NULL, '9989501531', '', '2025-04-13 11:18:27'),
(418, 'ANUPURU VENKATA SWAMY', NULL, '8106998262', '', '2025-04-13 11:20:19'),
(420, 'KRUPA ELISHA', NULL, '9490681213', '', '2025-04-13 11:25:32'),
(421, 'K A SAMSON', NULL, NULL, '', '2025-04-13 11:25:51'),
(422, 'SHYAMALA USA', NULL, NULL, '', '2025-04-13 11:26:14'),
(423, 'P VARSHITA', NULL, '9059836558', '', '2025-04-13 11:28:02'),
(424, 'NATHAN JI NAGALUR', NULL, NULL, '', '2025-04-13 11:28:24'),
(425, 'M JAIPAUL', NULL, '9866887553', '', '2025-04-13 11:28:45'),
(426, 'PRISILLA JAYANTHI SAINIKPURI', '', '9502952210', '', '2025-04-20 09:21:13'),
(427, 'A RAJU', NULL, '9100700330', '', '2025-04-20 09:21:46'),
(428, 'GLADY\'S JANARDHAN', NULL, NULL, '', '2025-04-20 09:22:25'),
(429, 'B SUGNAKAR', NULL, NULL, '', '2025-04-20 09:22:58'),
(430, 'Y PURSHOTHAM', NULL, '8978411217', '', '2025-04-20 09:27:20'),
(432, 'V KEERTHANA', NULL, '9491597109', '', '2025-04-20 09:30:27'),
(433, 'MALLARAP PADMA ABRAHAM', NULL, '9985923591', '', '2025-04-20 09:31:20'),
(434, 'S B SALOMI', NULL, '9573048468', '', '2025-04-20 09:32:17'),
(436, 'P A SAMPATH KUMAR', NULL, '9177851986', '', '2025-04-20 09:34:16'),
(437, 'D ABRAHAM SHANTHI KUMAR', NULL, '8919645075', '', '2025-04-20 09:41:11'),
(438, 'D SERENA SHARON USA', NULL, NULL, '', '2025-04-20 09:46:00'),
(439, 'ABITAL NIKHIL', NULL, '', '', '2025-04-20 09:46:31'),
(440, 'G A ALICE SAMSON', NULL, '9885049854', '', '2025-04-20 09:47:09'),
(442, 'K FREDRICK DAVID', NULL, '9848854126', '', '2025-04-20 09:49:32'),
(443, 'PADMINI PRASAD METTUGUDA', '', '', '', '2025-04-20 09:50:03'),
(444, 'A MANOHAR SRINIVAS', NULL, NULL, '', '2025-04-20 09:51:27'),
(445, 'N SANJANA', NULL, '7993806468', '', '2025-04-20 09:52:36'),
(446, 'KOTHAPALLY VISHAL ROUPHES', NULL, '9963578541', '', '2025-04-20 09:53:09'),
(447, 'DHANAMMA B', NULL, NULL, '', '2025-04-20 09:53:22'),
(448, 'OLETI HEMANTH', NULL, NULL, '', '2025-04-20 09:54:45'),
(449, 'KARUNAKAR AND SHIVANI', NULL, NULL, '', '2025-04-20 10:26:11'),
(450, 'NAGARJUNA MANIKONDA', NULL, NULL, '', '2025-04-20 10:26:47'),
(451, 'G DAYAKAR S/O ANANDAM', NULL, NULL, '', '2025-04-20 10:27:16'),
(453, 'PULLA MOSES MANEMMA', NULL, '9848744667', '', '2025-04-20 10:29:03'),
(454, 'G J PRABHAKAR RAO', NULL, '9866751145', '', '2025-04-20 10:29:59'),
(455, 'BURGULA BENJAMIN', NULL, NULL, '', '2025-04-20 10:30:24'),
(456, 'GAIKWAD SUMA LATHA', NULL, '7013704667', '', '2025-04-20 10:30:55'),
(457, 'KATHA KEZIA', NULL, NULL, '', '2025-04-20 10:31:11'),
(458, 'M GLORY', NULL, '9348101489', '', '2025-04-20 10:31:34'),
(459, 'N SUSHEELA', NULL, NULL, '', '2025-04-20 10:32:40'),
(460, 'PATRICIA CHARIS ABRAHAM', NULL, '7075287611', '', '2025-04-20 12:05:57'),
(461, 'DR P DINESH RAJ VIJAYAPURI CLY', '', '9703955888', '', '2025-04-27 08:03:37'),
(462, 'K J JAYAKAR', '', '9346576557', '', '2025-04-27 08:04:27'),
(463, 'K ROSE MARY SWAMINADHAN', '', '9177743115', '', '2025-04-27 08:09:42'),
(466, 'K VASANTHA PRAVEEN KUMAR', NULL, '9701329586', '', '2025-04-27 08:17:18'),
(467, 'DOKKA ANIL KUMAR', NULL, NULL, '', '2025-04-27 08:19:14'),
(469, 'N LALITHA NELSON', NULL, '7993806482', '', '2025-04-27 08:24:43'),
(470, 'C SOLOMON MOULA ALI', '', '9849807986', '', '2025-04-27 08:25:57'),
(471, 'K ENOCH ANKIT', NULL, '9441780360', '', '2025-04-27 08:33:10'),
(472, 'P J SUSHEEL PRANEETH', '', '9966555007', '', '2025-04-27 08:40:39'),
(473, 'R SHASHANK', NULL, NULL, '', '2025-04-27 08:47:08'),
(474, 'CH VIJAYA RAJU', NULL, '9490555795', '', '2025-04-27 08:48:03'),
(475, 'R ELIZABETH VANITHA', NULL, NULL, '', '2025-04-27 08:48:43'),
(476, 'DR ANKAM DINSHAW', NULL, '9542279575', '', '2025-04-27 08:53:34'),
(477, 'OPHER AND YAFFA ADIKMET ', '', '8019541870', '', '2025-04-27 08:54:12'),
(478, 'M KAVITHA RAJU SHEKAR', NULL, '9704888080', '', '2025-04-27 08:54:53'),
(479, 'LANKA PALLI JOHNSON', NULL, '9912244019', '', '2025-04-27 08:55:50'),
(482, 'T SPANDANA', NULL, '9490940829', '', '2025-05-04 09:18:31'),
(483, 'M PRAVEENA VIJAYA RAJ', NULL, '9866161332', '', '2025-05-04 09:22:56'),
(484, 'MRS RAJANI RUFAS', NULL, NULL, '', '2025-05-04 09:25:52'),
(485, 'K D JOHN (CROWN) S/O K J DAVID', NULL, NULL, '', '2025-05-04 09:26:43'),
(486, 'PAKALA JAVIN GLADSON S/O P JOHNSON', NULL, '9676864652', '', '2025-05-04 09:27:57'),
(487, 'P VINEETH MOSES VINAY', NULL, NULL, '', '2025-05-04 09:29:24'),
(488, 'PULLA PRABUDAS / PRAIMALA', NULL, '9848744667', '', '2025-05-04 09:31:09'),
(489, 'DR P JUDSON', NULL, '9885225909', '', '2025-05-04 09:42:46'),
(490, 'NALLORI ROBERT SAMUEL', NULL, '9703344326', '', '2025-05-04 09:45:57'),
(491, 'NAOMI AND BODIRE SRIDHAR', NULL, '9666035901', '', '2025-05-04 09:50:12'),
(492, 'DUBBA GLORY', NULL, '8341552331', '', '2025-05-04 09:55:20'),
(493, 'MARATHAMMA', NULL, '9177408823', '', '2025-05-04 10:26:30'),
(494, 'M JAIPAL', NULL, '9866887553', '', '2025-05-04 10:28:17'),
(495, 'MRS SUKANYA / OPP BADAM APARTMENT', NULL, NULL, '', '2025-05-04 10:29:41'),
(496, 'BLOSSOIN SAM', NULL, '8106213316', '', '2025-05-04 10:32:26'),
(497, 'G MANI ALFRED', NULL, '9949973350', '', '2025-05-04 10:33:01'),
(498, 'KONDETI SUGUNANA MANJUNVANI', NULL, '7989234468', '', '2025-05-04 10:33:57'),
(499, 'G VIJAYA KRUPANANDA', '', '', '', '2025-05-04 10:40:36'),
(500, 'S LALITHA AUGISTIN W/O LATE SANDRA AUGUSTINE', NULL, '9849691518', '', '2025-05-04 10:41:18'),
(501, 'DR T AZARAIAH', NULL, NULL, '', '2025-05-04 11:03:07'),
(502, 'M SUDHA RANI', NULL, '7780147432', '', '2025-05-04 11:05:33'),
(503, 'BABY K AAKANSHA AND BABY K AMULYA', NULL, NULL, '', '2025-05-04 11:06:29'),
(504, 'N P RAJ KUMAR', '', '9849269375', '', '2025-05-04 11:07:58'),
(505, 'T AMBEDKAR', NULL, '9494542542', '', '2025-05-04 11:09:42'),
(506, 'A HARRY SAM', '', '7569616156', '', '2025-05-04 11:12:19'),
(507, 'MAMILLA SREEVANI', NULL, NULL, '', '2025-05-04 11:16:00'),
(508, 'LEONARD ALURI', NULL, '9398482438', '', '2025-05-04 11:20:45'),
(509, 'G RANI LINCOLN', NULL, NULL, '', '2025-05-04 11:24:24'),
(510, 'DAYAKAR GYARA', NULL, '9676982160', '', '2025-05-04 11:25:44'),
(511, 'Gandam AKANKSHIK ABISHEK (KENNY)', '', '7396246312', '', '2025-05-04 11:27:42'),
(512, 'ANGELE JASMINE', NULL, '9177002069', '', '2025-05-18 08:02:48'),
(513, 'KOTHAPALLY VINOLYA', NULL, '8374903156', '', '2025-05-18 08:03:50'),
(514, 'S B JOHNSON', NULL, '8184875636', '', '2025-05-18 08:14:11'),
(515, 'L PRAVEEN KUMAR', NULL, '9849436670', '', '2025-05-18 08:21:22'),
(516, 'AVULA ANAND AND RATNA LATHA', NULL, '9154206244', '', '2025-05-18 08:22:01'),
(517, 'CH KRUPAMMA', NULL, NULL, '', '2025-05-18 08:24:47'),
(518, 'JESSICA SUSAN D/O GLORY ANIL RAJ', NULL, '9052742073', '', '2025-05-18 08:25:47'),
(519, 'JOSHUA BENJAMIN', NULL, NULL, '', '2025-05-18 08:28:14'),
(520, 'STEPHEN', NULL, NULL, '', '2025-05-18 08:28:56'),
(521, 'DR D MANISHA D/O D SAMSON', NULL, '9949994030', '', '2025-05-25 08:02:31'),
(522, 'ALETI RAMULU CHILKA NAGAR', NULL, '9885306114', '', '2025-05-25 08:04:26'),
(523, 'K ARUNA MITRA S/O DR M ARUNA BHARATI', NULL, '9908325596', '', '2025-05-25 08:08:22'),
(524, 'K LAKSHMI PRABHAKAR RAO', NULL, '7799221727', '', '2025-05-25 08:10:04'),
(525, 'VIHAAN JESHURUN TARNAKA', NULL, '8106213166', '', '2025-05-25 08:12:08'),
(526, 'K AKAMAGARU SON  VIJAY KUMAR USA', NULL, '7995606677', '', '2025-05-25 08:15:17'),
(527, 'SANDRA JOHN S/O J DAVID', NULL, '9908404445', '', '2025-05-25 08:16:41'),
(528, 'V KRUPA DANAM BADAM APPARTMENT', NULL, '6301781705', '', '2025-05-25 08:24:28'),
(529, 'ADERLA RAMBABU BANDLAGUDA', NULL, '9491017777', '', '2025-05-25 08:29:38'),
(530, 'LAXMI RAJARATHNAM VASALA', NULL, '9963978116', '', '2025-05-25 08:31:03'),
(531, 'B DANIEL PLOT NO 181 S/O ASEERVADAM', NULL, NULL, '', '2025-05-25 08:32:38'),
(532, 'ERRKAPATI SUBBARAO AND E MARY', NULL, '9866872399', '', '2025-05-25 09:12:39'),
(533, 'RUTH JOSEPH TARNAKA', NULL, NULL, '', '2025-05-25 09:13:24'),
(534, 'AVULA ABHINAY FRANCIS TARNAKA', NULL, '9032902148', '', '2025-06-01 08:35:52'),
(535, 'JOSHI ARUL DASS TARNAKA', '', '9866207974', '', '2025-06-01 08:37:25'),
(536, 'D RANI TARNAKA', NULL, '9550887438', '', '2025-06-01 08:54:44'),
(537, 'SRIKANTH', NULL, '9391475807', '', '2025-06-01 09:01:21'),
(538, 'K ISAAC PRAVEEN KUMAR', NULL, '7702890444', '', '2025-06-01 09:23:39'),
(539, 'P ENOCH ISREAL', NULL, NULL, '', '2025-06-01 09:26:58'),
(540, 'J SHIMONA D/O AGNES SUDHAKAR', NULL, '9247148540', '', '2025-06-01 09:30:21'),
(541, 'A VIJAY SUKUMAR KALYANPURI', NULL, '9908770878', '', '2025-06-01 09:33:14'),
(542, 'MAHESH AND SONI MALKAJGIRI', NULL, '9100420600', '', '2025-06-01 09:57:44'),
(543, 'PALLAVI PRIYANKA C/O VILYRA ALURI', NULL, '9704539148', '', '2025-06-01 10:02:43'),
(544, 'MARY SHAKUNTALA', NULL, '9676443115', '', '2025-06-01 10:04:09'),
(545, 'GADDAM VERONICA SAMSON', NULL, '8639297895', '', '2025-06-01 10:10:37'),
(546, 'LATE DR K E SOLOMON/ VIDYA MANDIR SCHOOL', NULL, '9177472068', '', '2025-06-01 10:34:51'),
(547, 'K VERUTHNA CHRISTINA D/O M CHRISTOPHER', NULL, NULL, '', '2025-06-01 10:35:52'),
(548, 'G KIRAN KUMAR', NULL, NULL, '', '2025-06-01 10:39:39'),
(549, 'A PRASHANTH KUMAR', NULL, NULL, '', '2025-06-01 10:40:16'),
(550, 'G MARY SUNITHA', NULL, '9989821435', '', '2025-06-08 07:41:37'),
(551, 'B SUGUNKAR', NULL, NULL, '', '2025-06-08 07:46:14'),
(552, 'NAVIN VICTOR', NULL, '9885667248', '', '2025-06-08 08:10:42'),
(553, 'DORA BABU', NULL, NULL, '', '2025-06-08 08:13:21'),
(554, 'CHILKA AJAY', NULL, '7981683553', '', '2025-06-08 08:21:43'),
(555, 'ZOE DANIEL KANTHI', NULL, '9106433926', '', '2025-06-08 08:22:26'),
(556, 'G SARITHA SUKHADEV', NULL, NULL, '', '2025-06-08 08:26:00'),
(557, 'T SUVISHALI', NULL, NULL, '', '2025-06-08 08:26:40'),
(558, 'C R KARUNA MOSES', NULL, NULL, '', '2025-06-08 08:27:04'),
(559, 'M SRAVANI S/O JAIPAUL', NULL, NULL, '', '2025-06-08 08:28:01'),
(560, 'PRIYANKA TARNAKA RLY QUATERS', NULL, NULL, '', '2025-06-08 08:28:34'),
(561, 'A KANAKANY', NULL, '7588926338', '', '2025-06-08 08:30:56'),
(562, 'K AKHIL S/O SAMUEL', NULL, '9700741943', '', '2025-06-08 08:33:26'),
(563, 'SANDRA EMMANUEL', NULL, '9110785141', '', '2025-06-13 07:42:57'),
(564, 'G SAROJA DAS', NULL, '7396730740', '', '2025-06-13 07:44:15'),
(565, 'K NAGABUSHAN KUMAR', NULL, '9441094971', '', '2025-06-13 07:50:09'),
(566, 'REV D WILSON PAUL', NULL, '9989653883', '', '2025-06-13 07:58:30'),
(567, 'SRIKANTH ANJALI JOHN', NULL, NULL, '', '2025-06-13 08:16:09'),
(568, 'V DAISY FEDRICKS ANANDBHAG', NULL, '9848854126', '', '2025-06-15 08:05:33'),
(569, 'GORIKAPUDI ANNE AND GORIKAPUDI HADASSAH EAST ANANDBHAG', NULL, '9100682518', '', '2025-06-15 08:06:56'),
(570, 'PRADEEP MOUNICA', NULL, NULL, '', '2025-06-15 08:09:32'),
(571, 'M JAYAPAUL', NULL, '9849653562', '', '2025-06-15 08:11:31'),
(572, 'P VIMALA PRADEEP KUMAR NAGOLE', '', '', '', '2025-06-15 08:12:04'),
(573, 'G REYANSH JONES DAMMAIGUDA', NULL, NULL, '', '2025-06-15 08:12:38'),
(574, 'M S JOHN S/O SURESH SHAILAJA', NULL, '8801490598', '', '2025-06-15 08:13:53'),
(575, 'M AJEET KUMAR TARNAKA', NULL, NULL, '', '2025-06-15 08:16:32'),
(576, 'MAMILLA AMANI BODUPPAL', NULL, '9502787587', '', '2025-06-15 08:18:17'),
(577, 'MORTHA SHALEM RAJ UPPAL', NULL, '9398132007', '', '2025-06-15 08:19:58'),
(578, 'K SUJATHA', NULL, NULL, '', '2025-06-15 08:26:33'),
(579, 'S B SHANTAMMA NORTH LALLAGUDA', NULL, '9704788051', '', '2025-06-15 08:28:08'),
(580, 'OPHER AND YAFFA ADIKMET', NULL, '8019541870', '', '2025-06-15 09:22:28'),
(581, 'K SAMUEL AND STELLA', NULL, '8008333268', '', '2025-06-15 09:24:24');

-- --------------------------------------------------------

--
-- Stand-in structure for view `view_detail_offerings`
-- (See below for the actual view)
--
DROP VIEW IF EXISTS `view_detail_offerings`;
CREATE TABLE IF NOT EXISTS `view_detail_offerings` (
`offering_type_id` int
,`service_name` varchar(361)
,`full_name` varchar(100)
,`id` int
,`service_id` int
,`service_date` date
,`user_id` int
,`serial_no` int
,`check_no` int
,`check_amount` int
,`denomination_2000` int
,`denomination_500` int
,`denomination_200` int
,`denomination_100` int
,`denomination_50` int
,`denomination_20_notes` int
,`denomination_20_coins` int
,`denomination_10_notes` int
,`denomination_10_coins` int
,`denomination_5_notes` int
,`denomination_5_coins` int
,`denomination_2_notes` int
,`denomination_2_coins` int
,`denomination_1_notes` int
,`denomination_1_coins` int
,`total_amount` int
,`created_at` timestamp
);

-- --------------------------------------------------------

--
-- Structure for view `view_detail_offerings`
--
DROP TABLE IF EXISTS `view_detail_offerings`;

DROP VIEW IF EXISTS `view_detail_offerings`;
CREATE ALGORITHM=UNDEFINED DEFINER=`root`@`localhost` SQL SECURITY DEFINER VIEW `view_detail_offerings`  AS SELECT `offering_types`.`id` AS `offering_type_id`, concat(coalesce(`languages`.`language_name`,'N/A'),' - ',coalesce(`offering_types`.`offering_name`,'N/A'),' - ',coalesce(`services`.`service_slot`,'N/A')) AS `service_name`, `users`.`name` AS `full_name`, `offerings`.`id` AS `id`, `offerings`.`service_id` AS `service_id`, `offerings`.`service_date` AS `service_date`, `offerings`.`user_id` AS `user_id`, `offerings`.`serial_no` AS `serial_no`, `offerings`.`check_no` AS `check_no`, `offerings`.`check_amount` AS `check_amount`, `offerings`.`denomination_2000` AS `denomination_2000`, `offerings`.`denomination_500` AS `denomination_500`, `offerings`.`denomination_200` AS `denomination_200`, `offerings`.`denomination_100` AS `denomination_100`, `offerings`.`denomination_50` AS `denomination_50`, `offerings`.`denomination_20_notes` AS `denomination_20_notes`, `offerings`.`denomination_20_coins` AS `denomination_20_coins`, `offerings`.`denomination_10_notes` AS `denomination_10_notes`, `offerings`.`denomination_10_coins` AS `denomination_10_coins`, `offerings`.`denomination_5_notes` AS `denomination_5_notes`, `offerings`.`denomination_5_coins` AS `denomination_5_coins`, `offerings`.`denomination_2_notes` AS `denomination_2_notes`, `offerings`.`denomination_2_coins` AS `denomination_2_coins`, `offerings`.`denomination_1_notes` AS `denomination_1_notes`, `offerings`.`denomination_1_coins` AS `denomination_1_coins`, `offerings`.`total_amount` AS `total_amount`, `offerings`.`created_at` AS `created_at` FROM ((((`services` left join `languages` on((`services`.`language_id` = `languages`.`id`))) join `offering_types` on((`services`.`offering_type_id` = `offering_types`.`id`))) join `offerings` on((`services`.`id` = `offerings`.`service_id`))) join `users` on((`offerings`.`user_id` = `users`.`id`))) ORDER BY `offerings`.`serial_no` ASC ;

--
-- Constraints for dumped tables
--

--
-- Constraints for table `offerings`
--
ALTER TABLE `offerings`
  ADD CONSTRAINT `offerings_ibfk_1` FOREIGN KEY (`service_id`) REFERENCES `services` (`id`) ON DELETE CASCADE ON UPDATE CASCADE,
  ADD CONSTRAINT `offerings_ibfk_2` FOREIGN KEY (`user_id`) REFERENCES `users` (`id`) ON DELETE CASCADE;

--
-- Constraints for table `services`
--
ALTER TABLE `services`
  ADD CONSTRAINT `services_ibfk_1` FOREIGN KEY (`language_id`) REFERENCES `languages` (`id`) ON DELETE CASCADE,
  ADD CONSTRAINT `services_ibfk_2` FOREIGN KEY (`offering_type_id`) REFERENCES `offering_types` (`id`) ON DELETE CASCADE ON UPDATE CASCADE;
COMMIT;

/*!40101 SET CHARACTER_SET_CLIENT=@OLD_CHARACTER_SET_CLIENT */;
/*!40101 SET CHARACTER_SET_RESULTS=@OLD_CHARACTER_SET_RESULTS */;
/*!40101 SET COLLATION_CONNECTION=@OLD_COLLATION_CONNECTION */;
